"시도(1)","시군구(1)","시점","항목","레벨01(1)",데이터
"서울","계","2020. 01","관용","승용",4576
"서울","계","2020. 01","관용","승합",3475
"서울","계","2020. 01","관용","화물",3968
"서울","계","2020. 01","관용","특수",354
"서울","계","2020. 01","자가용","승용",2542280
"서울","계","2020. 01","자가용","승합",92965
"서울","계","2020. 01","자가용","화물",269582
"서울","계","2020. 01","자가용","특수",2961
"서울","계","2020. 01","영업용","승용",127057
"서울","계","2020. 01","영업용","승합",17565
"서울","계","2020. 01","영업용","화물",57819
"서울","계","2020. 01","영업용","특수",4964
"부산","계","2020. 01","관용","승용",1726
"부산","계","2020. 01","관용","승합",1232
"부산","계","2020. 01","관용","화물",1615
"부산","계","2020. 01","관용","특수",130
"부산","계","2020. 01","자가용","승용",1079059
"부산","계","2020. 01","자가용","승합",36158
"부산","계","2020. 01","자가용","화물",153093
"부산","계","2020. 01","자가용","특수",1589
"부산","계","2020. 01","영업용","승용",73760
"부산","계","2020. 01","영업용","승합",6228
"부산","계","2020. 01","영업용","화물",33635
"부산","계","2020. 01","영업용","특수",8833
"대구","계","2020. 01","관용","승용",964
"대구","계","2020. 01","관용","승합",872
"대구","계","2020. 01","관용","화물",1346
"대구","계","2020. 01","관용","특수",119
"대구","계","2020. 01","자가용","승용",968401
"대구","계","2020. 01","자가용","승합",26633
"대구","계","2020. 01","자가용","화물",140080
"대구","계","2020. 01","자가용","특수",958
"대구","계","2020. 01","영업용","승용",26939
"대구","계","2020. 01","영업용","승합",4122
"대구","계","2020. 01","영업용","화물",19106
"대구","계","2020. 01","영업용","특수",1949
"광주","계","2020. 01","관용","승용",793
"광주","계","2020. 01","관용","승합",604
"광주","계","2020. 01","관용","화물",727
"광주","계","2020. 01","관용","특수",79
"광주","계","2020. 01","자가용","승용",545858
"광주","계","2020. 01","자가용","승합",17305
"광주","계","2020. 01","자가용","화물",79108
"광주","계","2020. 01","자가용","특수",855
"광주","계","2020. 01","영업용","승용",15341
"광주","계","2020. 01","영업용","승합",2535
"광주","계","2020. 01","영업용","화물",12918
"광주","계","2020. 01","영업용","특수",1810
"대전","계","2020. 01","관용","승용",658
"대전","계","2020. 01","관용","승합",531
"대전","계","2020. 01","관용","화물",636
"대전","계","2020. 01","관용","특수",75
"대전","계","2020. 01","자가용","승용",549724
"대전","계","2020. 01","자가용","승합",18297
"대전","계","2020. 01","자가용","화물",74849
"대전","계","2020. 01","자가용","특수",806
"대전","계","2020. 01","영업용","승용",14457
"대전","계","2020. 01","영업용","승합",2168
"대전","계","2020. 01","영업용","화물",11442
"대전","계","2020. 01","영업용","특수",1622
"울산","계","2020. 01","관용","승용",690
"울산","계","2020. 01","관용","승합",430
"울산","계","2020. 01","관용","화물",639
"울산","계","2020. 01","관용","특수",43
"울산","계","2020. 01","자가용","승용",468669
"울산","계","2020. 01","자가용","승합",12615
"울산","계","2020. 01","자가용","화물",61557
"울산","계","2020. 01","자가용","특수",592
"울산","계","2020. 01","영업용","승용",7954
"울산","계","2020. 01","영업용","승합",1986
"울산","계","2020. 01","영업용","화물",9293
"울산","계","2020. 01","영업용","특수",2127
"경기","계","2020. 01","관용","승용",7177
"경기","계","2020. 01","관용","승합",4131
"경기","계","2020. 01","관용","화물",5582
"경기","계","2020. 01","관용","특수",497
"경기","계","2020. 01","자가용","승용",4670232
"경기","계","2020. 01","자가용","승합",173366
"경기","계","2020. 01","자가용","화물",682010
"경기","계","2020. 01","자가용","특수",6678
"경기","계","2020. 01","영업용","승용",72182
"경기","계","2020. 01","영업용","승합",32482
"경기","계","2020. 01","영업용","화물",113674
"경기","계","2020. 01","영업용","특수",11052
"세종","계","2020. 01","관용","승용",335
"세종","계","2020. 01","관용","승합",169
"세종","계","2020. 01","관용","화물",219
"세종","계","2020. 01","관용","특수",41
"세종","계","2020. 01","자가용","승용",142372
"세종","계","2020. 01","자가용","승합",3861
"세종","계","2020. 01","자가용","화물",14529
"세종","계","2020. 01","자가용","특수",176
"세종","계","2020. 01","영업용","승용",609
"세종","계","2020. 01","영업용","승합",433
"세종","계","2020. 01","영업용","화물",1595
"세종","계","2020. 01","영업용","특수",160
"강원","계","2020. 01","관용","승용",1835
"강원","계","2020. 01","관용","승합",1515
"강원","계","2020. 01","관용","화물",2414
"강원","계","2020. 01","관용","특수",170
"강원","계","2020. 01","자가용","승용",582260
"강원","계","2020. 01","자가용","승합",24464
"강원","계","2020. 01","자가용","화물",145393
"강원","계","2020. 01","자가용","특수",1396
"강원","계","2020. 01","영업용","승용",11985
"강원","계","2020. 01","영업용","승합",3279
"강원","계","2020. 01","영업용","화물",8452
"강원","계","2020. 01","영업용","특수",1645
"충북","계","2020. 01","관용","승용",1346
"충북","계","2020. 01","관용","승합",966
"충북","계","2020. 01","관용","화물",1527
"충북","계","2020. 01","관용","특수",120
"충북","계","2020. 01","자가용","승용",630537
"충북","계","2020. 01","자가용","승합",25403
"충북","계","2020. 01","자가용","화물",142363
"충북","계","2020. 01","자가용","특수",1295
"충북","계","2020. 01","영업용","승용",15020
"충북","계","2020. 01","영업용","승합",3866
"충북","계","2020. 01","영업용","화물",14057
"충북","계","2020. 01","영업용","특수",2691
"충남","계","2020. 01","관용","승용",1891
"충남","계","2020. 01","관용","승합",1162
"충남","계","2020. 01","관용","화물",2309
"충남","계","2020. 01","관용","특수",259
"충남","계","2020. 01","자가용","승용",835957
"충남","계","2020. 01","자가용","승합",35818
"충남","계","2020. 01","자가용","화물",203101
"충남","계","2020. 01","자가용","특수",1708
"충남","계","2020. 01","영업용","승용",13390
"충남","계","2020. 01","영업용","승합",5446
"충남","계","2020. 01","영업용","화물",17402
"충남","계","2020. 01","영업용","특수",2906
"전북","계","2020. 01","관용","승용",1758
"전북","계","2020. 01","관용","승합",1273
"전북","계","2020. 01","관용","화물",2007
"전북","계","2020. 01","관용","특수",156
"전북","계","2020. 01","자가용","승용",686196
"전북","계","2020. 01","자가용","승합",27712
"전북","계","2020. 01","자가용","화물",169717
"전북","계","2020. 01","자가용","특수",1553
"전북","계","2020. 01","영업용","승용",19267
"전북","계","2020. 01","영업용","승합",4234
"전북","계","2020. 01","영업용","화물",15221
"전북","계","2020. 01","영업용","특수",2137
"전남","계","2020. 01","관용","승용",2089
"전남","계","2020. 01","관용","승합",1534
"전남","계","2020. 01","관용","화물",2413
"전남","계","2020. 01","관용","특수",177
"전남","계","2020. 01","자가용","승용",665693
"전남","계","2020. 01","자가용","승합",30520
"전남","계","2020. 01","자가용","화물",220288
"전남","계","2020. 01","자가용","특수",2153
"전남","계","2020. 01","영업용","승용",103284
"전남","계","2020. 01","영업용","승합",7877
"전남","계","2020. 01","영업용","화물",20029
"전남","계","2020. 01","영업용","특수",4722
"경북","계","2020. 01","관용","승용",2617
"경북","계","2020. 01","관용","승합",1717
"경북","계","2020. 01","관용","화물",2888
"경북","계","2020. 01","관용","특수",248
"경북","계","2020. 01","자가용","승용",1057704
"경북","계","2020. 01","자가용","승합",41899
"경북","계","2020. 01","자가용","화물",291305
"경북","계","2020. 01","자가용","특수",2787
"경북","계","2020. 01","영업용","승용",14425
"경북","계","2020. 01","영업용","승합",5439
"경북","계","2020. 01","영업용","화물",23787
"경북","계","2020. 01","영업용","특수",4945
"경남","계","2020. 01","관용","승용",2405
"경남","계","2020. 01","관용","승합",1915
"경남","계","2020. 01","관용","화물",2526
"경남","계","2020. 01","관용","특수",190
"경남","계","2020. 01","자가용","승용",1318906
"경남","계","2020. 01","자가용","승합",45707
"경남","계","2020. 01","자가용","화물",265581
"경남","계","2020. 01","자가용","특수",2378
"경남","계","2020. 01","영업용","승용",49049
"경남","계","2020. 01","영업용","승합",7530
"경남","계","2020. 01","영업용","화물",24760
"경남","계","2020. 01","영업용","특수",5380
"제주","계","2020. 01","관용","승용",855
"제주","계","2020. 01","관용","승합",451
"제주","계","2020. 01","관용","화물",1035
"제주","계","2020. 01","관용","특수",79
"제주","계","2020. 01","자가용","승용",279574
"제주","계","2020. 01","자가용","승합",11544
"제주","계","2020. 01","자가용","화물",75288
"제주","계","2020. 01","자가용","특수",635
"제주","계","2020. 01","영업용","승용",218430
"제주","계","2020. 01","영업용","승합",7752
"제주","계","2020. 01","영업용","화물",3646
"제주","계","2020. 01","영업용","특수",643
"서울","계","2020. 02","관용","승용",4586
"서울","계","2020. 02","관용","승합",3485
"서울","계","2020. 02","관용","화물",3987
"서울","계","2020. 02","관용","특수",351
"서울","계","2020. 02","자가용","승용",2540857
"서울","계","2020. 02","자가용","승합",92398
"서울","계","2020. 02","자가용","화물",268992
"서울","계","2020. 02","자가용","특수",3015
"서울","계","2020. 02","영업용","승용",126079
"서울","계","2020. 02","영업용","승합",17481
"서울","계","2020. 02","영업용","화물",57773
"서울","계","2020. 02","영업용","특수",4980
"부산","계","2020. 02","관용","승용",1657
"부산","계","2020. 02","관용","승합",1231
"부산","계","2020. 02","관용","화물",1614
"부산","계","2020. 02","관용","특수",131
"부산","계","2020. 02","자가용","승용",1079563
"부산","계","2020. 02","자가용","승합",36081
"부산","계","2020. 02","자가용","화물",152924
"부산","계","2020. 02","자가용","특수",1599
"부산","계","2020. 02","영업용","승용",75165
"부산","계","2020. 02","영업용","승합",6223
"부산","계","2020. 02","영업용","화물",33617
"부산","계","2020. 02","영업용","특수",8833
"대구","계","2020. 02","관용","승용",966
"대구","계","2020. 02","관용","승합",871
"대구","계","2020. 02","관용","화물",1330
"대구","계","2020. 02","관용","특수",119
"대구","계","2020. 02","자가용","승용",968892
"대구","계","2020. 02","자가용","승합",26538
"대구","계","2020. 02","자가용","화물",140054
"대구","계","2020. 02","자가용","특수",979
"대구","계","2020. 02","영업용","승용",26756
"대구","계","2020. 02","영업용","승합",4110
"대구","계","2020. 02","영업용","화물",19123
"대구","계","2020. 02","영업용","특수",1959
"광주","계","2020. 02","관용","승용",791
"광주","계","2020. 02","관용","승합",598
"광주","계","2020. 02","관용","화물",709
"광주","계","2020. 02","관용","특수",79
"광주","계","2020. 02","자가용","승용",546373
"광주","계","2020. 02","자가용","승합",17272
"광주","계","2020. 02","자가용","화물",79202
"광주","계","2020. 02","자가용","특수",872
"광주","계","2020. 02","영업용","승용",15285
"광주","계","2020. 02","영업용","승합",2520
"광주","계","2020. 02","영업용","화물",12918
"광주","계","2020. 02","영업용","특수",1823
"대전","계","2020. 02","관용","승용",652
"대전","계","2020. 02","관용","승합",529
"대전","계","2020. 02","관용","화물",625
"대전","계","2020. 02","관용","특수",74
"대전","계","2020. 02","자가용","승용",550182
"대전","계","2020. 02","자가용","승합",18310
"대전","계","2020. 02","자가용","화물",74860
"대전","계","2020. 02","자가용","특수",829
"대전","계","2020. 02","영업용","승용",14383
"대전","계","2020. 02","영업용","승합",2165
"대전","계","2020. 02","영업용","화물",11451
"대전","계","2020. 02","영업용","특수",1625
"울산","계","2020. 02","관용","승용",690
"울산","계","2020. 02","관용","승합",431
"울산","계","2020. 02","관용","화물",645
"울산","계","2020. 02","관용","특수",42
"울산","계","2020. 02","자가용","승용",468688
"울산","계","2020. 02","자가용","승합",12592
"울산","계","2020. 02","자가용","화물",61621
"울산","계","2020. 02","자가용","특수",604
"울산","계","2020. 02","영업용","승용",7947
"울산","계","2020. 02","영업용","승합",1986
"울산","계","2020. 02","영업용","화물",9301
"울산","계","2020. 02","영업용","특수",2132
"경기","계","2020. 02","관용","승용",7137
"경기","계","2020. 02","관용","승합",4114
"경기","계","2020. 02","관용","화물",5610
"경기","계","2020. 02","관용","특수",491
"경기","계","2020. 02","자가용","승용",4673696
"경기","계","2020. 02","자가용","승합",172372
"경기","계","2020. 02","자가용","화물",680790
"경기","계","2020. 02","자가용","특수",6733
"경기","계","2020. 02","영업용","승용",71765
"경기","계","2020. 02","영업용","승합",32528
"경기","계","2020. 02","영업용","화물",113881
"경기","계","2020. 02","영업용","특수",11096
"세종","계","2020. 02","관용","승용",333
"세종","계","2020. 02","관용","승합",168
"세종","계","2020. 02","관용","화물",219
"세종","계","2020. 02","관용","특수",41
"세종","계","2020. 02","자가용","승용",143307
"세종","계","2020. 02","자가용","승합",3874
"세종","계","2020. 02","자가용","화물",14572
"세종","계","2020. 02","자가용","특수",177
"세종","계","2020. 02","영업용","승용",612
"세종","계","2020. 02","영업용","승합",429
"세종","계","2020. 02","영업용","화물",1594
"세종","계","2020. 02","영업용","특수",160
"강원","계","2020. 02","관용","승용",1777
"강원","계","2020. 02","관용","승합",1518
"강원","계","2020. 02","관용","화물",2424
"강원","계","2020. 02","관용","특수",169
"강원","계","2020. 02","자가용","승용",583136
"강원","계","2020. 02","자가용","승합",24436
"강원","계","2020. 02","자가용","화물",145619
"강원","계","2020. 02","자가용","특수",1419
"강원","계","2020. 02","영업용","승용",11955
"강원","계","2020. 02","영업용","승합",3278
"강원","계","2020. 02","영업용","화물",8434
"강원","계","2020. 02","영업용","특수",1641
"충북","계","2020. 02","관용","승용",1331
"충북","계","2020. 02","관용","승합",962
"충북","계","2020. 02","관용","화물",1542
"충북","계","2020. 02","관용","특수",121
"충북","계","2020. 02","자가용","승용",631856
"충북","계","2020. 02","자가용","승합",25370
"충북","계","2020. 02","자가용","화물",142710
"충북","계","2020. 02","자가용","특수",1319
"충북","계","2020. 02","영업용","승용",14873
"충북","계","2020. 02","영업용","승합",3867
"충북","계","2020. 02","영업용","화물",14058
"충북","계","2020. 02","영업용","특수",2697
"충남","계","2020. 02","관용","승용",1897
"충남","계","2020. 02","관용","승합",1160
"충남","계","2020. 02","관용","화물",2336
"충남","계","2020. 02","관용","특수",258
"충남","계","2020. 02","자가용","승용",837285
"충남","계","2020. 02","자가용","승합",35838
"충남","계","2020. 02","자가용","화물",203611
"충남","계","2020. 02","자가용","특수",1722
"충남","계","2020. 02","영업용","승용",13353
"충남","계","2020. 02","영업용","승합",5428
"충남","계","2020. 02","영업용","화물",17413
"충남","계","2020. 02","영업용","특수",2919
"전북","계","2020. 02","관용","승용",1764
"전북","계","2020. 02","관용","승합",1252
"전북","계","2020. 02","관용","화물",2023
"전북","계","2020. 02","관용","특수",155
"전북","계","2020. 02","자가용","승용",686826
"전북","계","2020. 02","자가용","승합",27740
"전북","계","2020. 02","자가용","화물",170137
"전북","계","2020. 02","자가용","특수",1592
"전북","계","2020. 02","영업용","승용",19093
"전북","계","2020. 02","영업용","승합",4241
"전북","계","2020. 02","영업용","화물",15232
"전북","계","2020. 02","영업용","특수",2156
"전남","계","2020. 02","관용","승용",2097
"전남","계","2020. 02","관용","승합",1534
"전남","계","2020. 02","관용","화물",2452
"전남","계","2020. 02","관용","특수",177
"전남","계","2020. 02","자가용","승용",666452
"전남","계","2020. 02","자가용","승합",30506
"전남","계","2020. 02","자가용","화물",220627
"전남","계","2020. 02","자가용","특수",2169
"전남","계","2020. 02","영업용","승용",103033
"전남","계","2020. 02","영업용","승합",7838
"전남","계","2020. 02","영업용","화물",20054
"전남","계","2020. 02","영업용","특수",4722
"경북","계","2020. 02","관용","승용",2632
"경북","계","2020. 02","관용","승합",1716
"경북","계","2020. 02","관용","화물",2916
"경북","계","2020. 02","관용","특수",249
"경북","계","2020. 02","자가용","승용",1058825
"경북","계","2020. 02","자가용","승합",41882
"경북","계","2020. 02","자가용","화물",291802
"경북","계","2020. 02","자가용","특수",2804
"경북","계","2020. 02","영업용","승용",14315
"경북","계","2020. 02","영업용","승합",5412
"경북","계","2020. 02","영업용","화물",23779
"경북","계","2020. 02","영업용","특수",4966
"경남","계","2020. 02","관용","승용",2421
"경남","계","2020. 02","관용","승합",1899
"경남","계","2020. 02","관용","화물",2543
"경남","계","2020. 02","관용","특수",191
"경남","계","2020. 02","자가용","승용",1320929
"경남","계","2020. 02","자가용","승합",45701
"경남","계","2020. 02","자가용","화물",266126
"경남","계","2020. 02","자가용","특수",2396
"경남","계","2020. 02","영업용","승용",50070
"경남","계","2020. 02","영업용","승합",7521
"경남","계","2020. 02","영업용","화물",24741
"경남","계","2020. 02","영업용","특수",5406
"제주","계","2020. 02","관용","승용",852
"제주","계","2020. 02","관용","승합",448
"제주","계","2020. 02","관용","화물",1033
"제주","계","2020. 02","관용","특수",78
"제주","계","2020. 02","자가용","승용",279980
"제주","계","2020. 02","자가용","승합",11506
"제주","계","2020. 02","자가용","화물",75465
"제주","계","2020. 02","자가용","특수",651
"제주","계","2020. 02","영업용","승용",220127
"제주","계","2020. 02","영업용","승합",7700
"제주","계","2020. 02","영업용","화물",3651
"제주","계","2020. 02","영업용","특수",641
"서울","계","2020. 03","관용","승용",4507
"서울","계","2020. 03","관용","승합",3551
"서울","계","2020. 03","관용","화물",4022
"서울","계","2020. 03","관용","특수",352
"서울","계","2020. 03","자가용","승용",2543567
"서울","계","2020. 03","자가용","승합",91798
"서울","계","2020. 03","자가용","화물",269312
"서울","계","2020. 03","자가용","특수",3052
"서울","계","2020. 03","영업용","승용",125118
"서울","계","2020. 03","영업용","승합",17308
"서울","계","2020. 03","영업용","화물",57762
"서울","계","2020. 03","영업용","특수",4984
"부산","계","2020. 03","관용","승용",1668
"부산","계","2020. 03","관용","승합",1230
"부산","계","2020. 03","관용","화물",1629
"부산","계","2020. 03","관용","특수",132
"부산","계","2020. 03","자가용","승용",1079903
"부산","계","2020. 03","자가용","승합",35847
"부산","계","2020. 03","자가용","화물",152349
"부산","계","2020. 03","자가용","특수",1591
"부산","계","2020. 03","영업용","승용",76096
"부산","계","2020. 03","영업용","승합",6213
"부산","계","2020. 03","영업용","화물",33614
"부산","계","2020. 03","영업용","특수",8837
"대구","계","2020. 03","관용","승용",1060
"대구","계","2020. 03","관용","승합",890
"대구","계","2020. 03","관용","화물",1345
"대구","계","2020. 03","관용","특수",119
"대구","계","2020. 03","자가용","승용",970852
"대구","계","2020. 03","자가용","승합",26544
"대구","계","2020. 03","자가용","화물",140363
"대구","계","2020. 03","자가용","특수",1017
"대구","계","2020. 03","영업용","승용",26546
"대구","계","2020. 03","영업용","승합",4088
"대구","계","2020. 03","영업용","화물",19094
"대구","계","2020. 03","영업용","특수",1975
"광주","계","2020. 03","관용","승용",797
"광주","계","2020. 03","관용","승합",599
"광주","계","2020. 03","관용","화물",718
"광주","계","2020. 03","관용","특수",78
"광주","계","2020. 03","자가용","승용",548531
"광주","계","2020. 03","자가용","승합",17282
"광주","계","2020. 03","자가용","화물",79100
"광주","계","2020. 03","자가용","특수",887
"광주","계","2020. 03","영업용","승용",15110
"광주","계","2020. 03","영업용","승합",2489
"광주","계","2020. 03","영업용","화물",12955
"광주","계","2020. 03","영업용","특수",1817
"대전","계","2020. 03","관용","승용",665
"대전","계","2020. 03","관용","승합",528
"대전","계","2020. 03","관용","화물",630
"대전","계","2020. 03","관용","특수",74
"대전","계","2020. 03","자가용","승용",552347
"대전","계","2020. 03","자가용","승합",18291
"대전","계","2020. 03","자가용","화물",74917
"대전","계","2020. 03","자가용","특수",848
"대전","계","2020. 03","영업용","승용",14163
"대전","계","2020. 03","영업용","승합",2165
"대전","계","2020. 03","영업용","화물",11458
"대전","계","2020. 03","영업용","특수",1630
"울산","계","2020. 03","관용","승용",690
"울산","계","2020. 03","관용","승합",424
"울산","계","2020. 03","관용","화물",649
"울산","계","2020. 03","관용","특수",42
"울산","계","2020. 03","자가용","승용",469752
"울산","계","2020. 03","자가용","승합",12566
"울산","계","2020. 03","자가용","화물",61719
"울산","계","2020. 03","자가용","특수",630
"울산","계","2020. 03","영업용","승용",7928
"울산","계","2020. 03","영업용","승합",1981
"울산","계","2020. 03","영업용","화물",9328
"울산","계","2020. 03","영업용","특수",2148
"경기","계","2020. 03","관용","승용",7171
"경기","계","2020. 03","관용","승합",4116
"경기","계","2020. 03","관용","화물",5665
"경기","계","2020. 03","관용","특수",490
"경기","계","2020. 03","자가용","승용",4696495
"경기","계","2020. 03","자가용","승합",171982
"경기","계","2020. 03","자가용","화물",681304
"경기","계","2020. 03","자가용","특수",6834
"경기","계","2020. 03","영업용","승용",70901
"경기","계","2020. 03","영업용","승합",32583
"경기","계","2020. 03","영업용","화물",113954
"경기","계","2020. 03","영업용","특수",11101
"세종","계","2020. 03","관용","승용",339
"세종","계","2020. 03","관용","승합",166
"세종","계","2020. 03","관용","화물",223
"세종","계","2020. 03","관용","특수",41
"세종","계","2020. 03","자가용","승용",144227
"세종","계","2020. 03","자가용","승합",3864
"세종","계","2020. 03","자가용","화물",14614
"세종","계","2020. 03","자가용","특수",180
"세종","계","2020. 03","영업용","승용",600
"세종","계","2020. 03","영업용","승합",431
"세종","계","2020. 03","영업용","화물",1600
"세종","계","2020. 03","영업용","특수",164
"강원","계","2020. 03","관용","승용",1794
"강원","계","2020. 03","관용","승합",1509
"강원","계","2020. 03","관용","화물",2456
"강원","계","2020. 03","관용","특수",170
"강원","계","2020. 03","자가용","승용",584400
"강원","계","2020. 03","자가용","승합",24296
"강원","계","2020. 03","자가용","화물",145527
"강원","계","2020. 03","자가용","특수",1420
"강원","계","2020. 03","영업용","승용",11932
"강원","계","2020. 03","영업용","승합",3254
"강원","계","2020. 03","영업용","화물",8413
"강원","계","2020. 03","영업용","특수",1656
"충북","계","2020. 03","관용","승용",1345
"충북","계","2020. 03","관용","승합",965
"충북","계","2020. 03","관용","화물",1557
"충북","계","2020. 03","관용","특수",118
"충북","계","2020. 03","자가용","승용",636509
"충북","계","2020. 03","자가용","승합",25240
"충북","계","2020. 03","자가용","화물",142643
"충북","계","2020. 03","자가용","특수",1327
"충북","계","2020. 03","영업용","승용",14718
"충북","계","2020. 03","영업용","승합",3820
"충북","계","2020. 03","영업용","화물",14025
"충북","계","2020. 03","영업용","특수",2712
"충남","계","2020. 03","관용","승용",1908
"충남","계","2020. 03","관용","승합",1170
"충남","계","2020. 03","관용","화물",2349
"충남","계","2020. 03","관용","특수",259
"충남","계","2020. 03","자가용","승용",839507
"충남","계","2020. 03","자가용","승합",35757
"충남","계","2020. 03","자가용","화물",203647
"충남","계","2020. 03","자가용","특수",1750
"충남","계","2020. 03","영업용","승용",13262
"충남","계","2020. 03","영업용","승합",5445
"충남","계","2020. 03","영업용","화물",17440
"충남","계","2020. 03","영업용","특수",2915
"전북","계","2020. 03","관용","승용",1774
"전북","계","2020. 03","관용","승합",1256
"전북","계","2020. 03","관용","화물",2056
"전북","계","2020. 03","관용","특수",155
"전북","계","2020. 03","자가용","승용",688374
"전북","계","2020. 03","자가용","승합",27645
"전북","계","2020. 03","자가용","화물",169853
"전북","계","2020. 03","자가용","특수",1612
"전북","계","2020. 03","영업용","승용",19065
"전북","계","2020. 03","영업용","승합",4233
"전북","계","2020. 03","영업용","화물",15214
"전북","계","2020. 03","영업용","특수",2163
"전남","계","2020. 03","관용","승용",2108
"전남","계","2020. 03","관용","승합",1538
"전남","계","2020. 03","관용","화물",2460
"전남","계","2020. 03","관용","특수",177
"전남","계","2020. 03","자가용","승용",668285
"전남","계","2020. 03","자가용","승합",30366
"전남","계","2020. 03","자가용","화물",220577
"전남","계","2020. 03","자가용","특수",2170
"전남","계","2020. 03","영업용","승용",102886
"전남","계","2020. 03","영업용","승합",7767
"전남","계","2020. 03","영업용","화물",20069
"전남","계","2020. 03","영업용","특수",4753
"경북","계","2020. 03","관용","승용",2578
"경북","계","2020. 03","관용","승합",1710
"경북","계","2020. 03","관용","화물",2959
"경북","계","2020. 03","관용","특수",246
"경북","계","2020. 03","자가용","승용",1059168
"경북","계","2020. 03","자가용","승합",41678
"경북","계","2020. 03","자가용","화물",291124
"경북","계","2020. 03","자가용","특수",2821
"경북","계","2020. 03","영업용","승용",14282
"경북","계","2020. 03","영업용","승합",5399
"경북","계","2020. 03","영업용","화물",23772
"경북","계","2020. 03","영업용","특수",4982
"경남","계","2020. 03","관용","승용",2428
"경남","계","2020. 03","관용","승합",1898
"경남","계","2020. 03","관용","화물",2555
"경남","계","2020. 03","관용","특수",194
"경남","계","2020. 03","자가용","승용",1322756
"경남","계","2020. 03","자가용","승합",45454
"경남","계","2020. 03","자가용","화물",265253
"경남","계","2020. 03","자가용","특수",2406
"경남","계","2020. 03","영업용","승용",51560
"경남","계","2020. 03","영업용","승합",7491
"경남","계","2020. 03","영업용","화물",24666
"경남","계","2020. 03","영업용","특수",5414
"제주","계","2020. 03","관용","승용",851
"제주","계","2020. 03","관용","승합",448
"제주","계","2020. 03","관용","화물",1035
"제주","계","2020. 03","관용","특수",81
"제주","계","2020. 03","자가용","승용",283225
"제주","계","2020. 03","자가용","승합",11478
"제주","계","2020. 03","자가용","화물",75706
"제주","계","2020. 03","자가용","특수",648
"제주","계","2020. 03","영업용","승용",221972
"제주","계","2020. 03","영업용","승합",7615
"제주","계","2020. 03","영업용","화물",3639
"제주","계","2020. 03","영업용","특수",645
"서울","계","2020. 04","관용","승용",4508
"서울","계","2020. 04","관용","승합",3596
"서울","계","2020. 04","관용","화물",4031
"서울","계","2020. 04","관용","특수",352
"서울","계","2020. 04","자가용","승용",2548095
"서울","계","2020. 04","자가용","승합",91452
"서울","계","2020. 04","자가용","화물",269013
"서울","계","2020. 04","자가용","특수",3131
"서울","계","2020. 04","영업용","승용",124640
"서울","계","2020. 04","영업용","승합",16920
"서울","계","2020. 04","영업용","화물",57812
"서울","계","2020. 04","영업용","특수",4973
"부산","계","2020. 04","관용","승용",1674
"부산","계","2020. 04","관용","승합",1236
"부산","계","2020. 04","관용","화물",1635
"부산","계","2020. 04","관용","특수",133
"부산","계","2020. 04","자가용","승용",1082388
"부산","계","2020. 04","자가용","승합",35730
"부산","계","2020. 04","자가용","화물",152113
"부산","계","2020. 04","자가용","특수",1612
"부산","계","2020. 04","영업용","승용",77499
"부산","계","2020. 04","영업용","승합",6189
"부산","계","2020. 04","영업용","화물",33611
"부산","계","2020. 04","영업용","특수",8849
"대구","계","2020. 04","관용","승용",1070
"대구","계","2020. 04","관용","승합",899
"대구","계","2020. 04","관용","화물",1351
"대구","계","2020. 04","관용","특수",120
"대구","계","2020. 04","자가용","승용",974220
"대구","계","2020. 04","자가용","승합",26538
"대구","계","2020. 04","자가용","화물",140086
"대구","계","2020. 04","자가용","특수",1044
"대구","계","2020. 04","영업용","승용",26464
"대구","계","2020. 04","영업용","승합",4063
"대구","계","2020. 04","영업용","화물",18998
"대구","계","2020. 04","영업용","특수",1971
"광주","계","2020. 04","관용","승용",801
"광주","계","2020. 04","관용","승합",598
"광주","계","2020. 04","관용","화물",725
"광주","계","2020. 04","관용","특수",77
"광주","계","2020. 04","자가용","승용",550606
"광주","계","2020. 04","자가용","승합",17251
"광주","계","2020. 04","자가용","화물",78849
"광주","계","2020. 04","자가용","특수",900
"광주","계","2020. 04","영업용","승용",15035
"광주","계","2020. 04","영업용","승합",2495
"광주","계","2020. 04","영업용","화물",12975
"광주","계","2020. 04","영업용","특수",1815
"대전","계","2020. 04","관용","승용",678
"대전","계","2020. 04","관용","승합",529
"대전","계","2020. 04","관용","화물",633
"대전","계","2020. 04","관용","특수",77
"대전","계","2020. 04","자가용","승용",553809
"대전","계","2020. 04","자가용","승합",18201
"대전","계","2020. 04","자가용","화물",74638
"대전","계","2020. 04","자가용","특수",858
"대전","계","2020. 04","영업용","승용",14180
"대전","계","2020. 04","영업용","승합",2153
"대전","계","2020. 04","영업용","화물",11446
"대전","계","2020. 04","영업용","특수",1635
"울산","계","2020. 04","관용","승용",686
"울산","계","2020. 04","관용","승합",429
"울산","계","2020. 04","관용","화물",647
"울산","계","2020. 04","관용","특수",42
"울산","계","2020. 04","자가용","승용",470633
"울산","계","2020. 04","자가용","승합",12502
"울산","계","2020. 04","자가용","화물",61494
"울산","계","2020. 04","자가용","특수",649
"울산","계","2020. 04","영업용","승용",7924
"울산","계","2020. 04","영업용","승합",1979
"울산","계","2020. 04","영업용","화물",9310
"울산","계","2020. 04","영업용","특수",2148
"경기","계","2020. 04","관용","승용",7231
"경기","계","2020. 04","관용","승합",4128
"경기","계","2020. 04","관용","화물",5679
"경기","계","2020. 04","관용","특수",500
"경기","계","2020. 04","자가용","승용",4722145
"경기","계","2020. 04","자가용","승합",171861
"경기","계","2020. 04","자가용","화물",682330
"경기","계","2020. 04","자가용","특수",7026
"경기","계","2020. 04","영업용","승용",72158
"경기","계","2020. 04","영업용","승합",32569
"경기","계","2020. 04","영업용","화물",113913
"경기","계","2020. 04","영업용","특수",11150
"세종","계","2020. 04","관용","승용",339
"세종","계","2020. 04","관용","승합",166
"세종","계","2020. 04","관용","화물",223
"세종","계","2020. 04","관용","특수",41
"세종","계","2020. 04","자가용","승용",144808
"세종","계","2020. 04","자가용","승합",3851
"세종","계","2020. 04","자가용","화물",14633
"세종","계","2020. 04","자가용","특수",187
"세종","계","2020. 04","영업용","승용",517
"세종","계","2020. 04","영업용","승합",426
"세종","계","2020. 04","영업용","화물",1604
"세종","계","2020. 04","영업용","특수",162
"강원","계","2020. 04","관용","승용",1812
"강원","계","2020. 04","관용","승합",1515
"강원","계","2020. 04","관용","화물",2473
"강원","계","2020. 04","관용","특수",174
"강원","계","2020. 04","자가용","승용",586252
"강원","계","2020. 04","자가용","승합",24231
"강원","계","2020. 04","자가용","화물",145809
"강원","계","2020. 04","자가용","특수",1446
"강원","계","2020. 04","영업용","승용",11862
"강원","계","2020. 04","영업용","승합",3238
"강원","계","2020. 04","영업용","화물",8413
"강원","계","2020. 04","영업용","특수",1658
"충북","계","2020. 04","관용","승용",1354
"충북","계","2020. 04","관용","승합",961
"충북","계","2020. 04","관용","화물",1567
"충북","계","2020. 04","관용","특수",118
"충북","계","2020. 04","자가용","승용",638399
"충북","계","2020. 04","자가용","승합",25198
"충북","계","2020. 04","자가용","화물",142488
"충북","계","2020. 04","자가용","특수",1340
"충북","계","2020. 04","영업용","승용",14752
"충북","계","2020. 04","영업용","승합",3827
"충북","계","2020. 04","영업용","화물",14036
"충북","계","2020. 04","영업용","특수",2720
"충남","계","2020. 04","관용","승용",1892
"충남","계","2020. 04","관용","승합",1174
"충남","계","2020. 04","관용","화물",2355
"충남","계","2020. 04","관용","특수",261
"충남","계","2020. 04","자가용","승용",841220
"충남","계","2020. 04","자가용","승합",35528
"충남","계","2020. 04","자가용","화물",203032
"충남","계","2020. 04","자가용","특수",1763
"충남","계","2020. 04","영업용","승용",13223
"충남","계","2020. 04","영업용","승합",5421
"충남","계","2020. 04","영업용","화물",17502
"충남","계","2020. 04","영업용","특수",2928
"전북","계","2020. 04","관용","승용",1731
"전북","계","2020. 04","관용","승합",1258
"전북","계","2020. 04","관용","화물",2060
"전북","계","2020. 04","관용","특수",155
"전북","계","2020. 04","자가용","승용",689948
"전북","계","2020. 04","자가용","승합",27452
"전북","계","2020. 04","자가용","화물",168817
"전북","계","2020. 04","자가용","특수",1626
"전북","계","2020. 04","영업용","승용",18914
"전북","계","2020. 04","영업용","승합",4226
"전북","계","2020. 04","영업용","화물",15215
"전북","계","2020. 04","영업용","특수",2171
"전남","계","2020. 04","관용","승용",2137
"전남","계","2020. 04","관용","승합",1540
"전남","계","2020. 04","관용","화물",2458
"전남","계","2020. 04","관용","특수",177
"전남","계","2020. 04","자가용","승용",670407
"전남","계","2020. 04","자가용","승합",30315
"전남","계","2020. 04","자가용","화물",220925
"전남","계","2020. 04","자가용","특수",2211
"전남","계","2020. 04","영업용","승용",102099
"전남","계","2020. 04","영업용","승합",7679
"전남","계","2020. 04","영업용","화물",20077
"전남","계","2020. 04","영업용","특수",4763
"경북","계","2020. 04","관용","승용",2596
"경북","계","2020. 04","관용","승합",1718
"경북","계","2020. 04","관용","화물",2973
"경북","계","2020. 04","관용","특수",249
"경북","계","2020. 04","자가용","승용",1061204
"경북","계","2020. 04","자가용","승합",41614
"경북","계","2020. 04","자가용","화물",291367
"경북","계","2020. 04","자가용","특수",2876
"경북","계","2020. 04","영업용","승용",14181
"경북","계","2020. 04","영업용","승합",5368
"경북","계","2020. 04","영업용","화물",23769
"경북","계","2020. 04","영업용","특수",4994
"경남","계","2020. 04","관용","승용",2447
"경남","계","2020. 04","관용","승합",1897
"경남","계","2020. 04","관용","화물",2569
"경남","계","2020. 04","관용","특수",194
"경남","계","2020. 04","자가용","승용",1326267
"경남","계","2020. 04","자가용","승합",45305
"경남","계","2020. 04","자가용","화물",265284
"경남","계","2020. 04","자가용","특수",2453
"경남","계","2020. 04","영업용","승용",52812
"경남","계","2020. 04","영업용","승합",7468
"경남","계","2020. 04","영업용","화물",24660
"경남","계","2020. 04","영업용","특수",5421
"제주","계","2020. 04","관용","승용",859
"제주","계","2020. 04","관용","승합",454
"제주","계","2020. 04","관용","화물",1034
"제주","계","2020. 04","관용","특수",81
"제주","계","2020. 04","자가용","승용",283971
"제주","계","2020. 04","자가용","승합",11412
"제주","계","2020. 04","자가용","화물",75544
"제주","계","2020. 04","자가용","특수",650
"제주","계","2020. 04","영업용","승용",210963
"제주","계","2020. 04","영업용","승합",7307
"제주","계","2020. 04","영업용","화물",3653
"제주","계","2020. 04","영업용","특수",641
"서울","계","2020. 05","관용","승용",4489
"서울","계","2020. 05","관용","승합",3595
"서울","계","2020. 05","관용","화물",4029
"서울","계","2020. 05","관용","특수",350
"서울","계","2020. 05","자가용","승용",2553895
"서울","계","2020. 05","자가용","승합",91020
"서울","계","2020. 05","자가용","화물",268785
"서울","계","2020. 05","자가용","특수",3186
"서울","계","2020. 05","영업용","승용",124526
"서울","계","2020. 05","영업용","승합",16715
"서울","계","2020. 05","영업용","화물",57802
"서울","계","2020. 05","영업용","특수",4961
"부산","계","2020. 05","관용","승용",1678
"부산","계","2020. 05","관용","승합",1243
"부산","계","2020. 05","관용","화물",1636
"부산","계","2020. 05","관용","특수",135
"부산","계","2020. 05","자가용","승용",1085671
"부산","계","2020. 05","자가용","승합",35625
"부산","계","2020. 05","자가용","화물",151928
"부산","계","2020. 05","자가용","특수",1645
"부산","계","2020. 05","영업용","승용",78294
"부산","계","2020. 05","영업용","승합",6177
"부산","계","2020. 05","영업용","화물",33535
"부산","계","2020. 05","영업용","특수",8838
"대구","계","2020. 05","관용","승용",1038
"대구","계","2020. 05","관용","승합",893
"대구","계","2020. 05","관용","화물",1374
"대구","계","2020. 05","관용","특수",122
"대구","계","2020. 05","자가용","승용",975837
"대구","계","2020. 05","자가용","승합",26287
"대구","계","2020. 05","자가용","화물",139006
"대구","계","2020. 05","자가용","특수",1087
"대구","계","2020. 05","영업용","승용",26483
"대구","계","2020. 05","영업용","승합",4049
"대구","계","2020. 05","영업용","화물",19056
"대구","계","2020. 05","영업용","특수",1986
"광주","계","2020. 05","관용","승용",811
"광주","계","2020. 05","관용","승합",589
"광주","계","2020. 05","관용","화물",732
"광주","계","2020. 05","관용","특수",76
"광주","계","2020. 05","자가용","승용",552300
"광주","계","2020. 05","자가용","승합",17171
"광주","계","2020. 05","자가용","화물",78430
"광주","계","2020. 05","자가용","특수",902
"광주","계","2020. 05","영업용","승용",14918
"광주","계","2020. 05","영업용","승합",2485
"광주","계","2020. 05","영업용","화물",13025
"광주","계","2020. 05","영업용","특수",1800
"대전","계","2020. 05","관용","승용",672
"대전","계","2020. 05","관용","승합",529
"대전","계","2020. 05","관용","화물",633
"대전","계","2020. 05","관용","특수",77
"대전","계","2020. 05","자가용","승용",555382
"대전","계","2020. 05","자가용","승합",18032
"대전","계","2020. 05","자가용","화물",74284
"대전","계","2020. 05","자가용","특수",879
"대전","계","2020. 05","영업용","승용",14116
"대전","계","2020. 05","영업용","승합",2152
"대전","계","2020. 05","영업용","화물",11469
"대전","계","2020. 05","영업용","특수",1642
"울산","계","2020. 05","관용","승용",694
"울산","계","2020. 05","관용","승합",429
"울산","계","2020. 05","관용","화물",644
"울산","계","2020. 05","관용","특수",42
"울산","계","2020. 05","자가용","승용",471539
"울산","계","2020. 05","자가용","승합",12461
"울산","계","2020. 05","자가용","화물",61415
"울산","계","2020. 05","자가용","특수",652
"울산","계","2020. 05","영업용","승용",7906
"울산","계","2020. 05","영업용","승합",1955
"울산","계","2020. 05","영업용","화물",9309
"울산","계","2020. 05","영업용","특수",2163
"경기","계","2020. 05","관용","승용",7219
"경기","계","2020. 05","관용","승합",4231
"경기","계","2020. 05","관용","화물",5676
"경기","계","2020. 05","관용","특수",501
"경기","계","2020. 05","자가용","승용",4746030
"경기","계","2020. 05","자가용","승합",171523
"경기","계","2020. 05","자가용","화물",683025
"경기","계","2020. 05","자가용","특수",7223
"경기","계","2020. 05","영업용","승용",71469
"경기","계","2020. 05","영업용","승합",32424
"경기","계","2020. 05","영업용","화물",114150
"경기","계","2020. 05","영업용","특수",11182
"세종","계","2020. 05","관용","승용",337
"세종","계","2020. 05","관용","승합",166
"세종","계","2020. 05","관용","화물",226
"세종","계","2020. 05","관용","특수",41
"세종","계","2020. 05","자가용","승용",145200
"세종","계","2020. 05","자가용","승합",3810
"세종","계","2020. 05","자가용","화물",14544
"세종","계","2020. 05","자가용","특수",200
"세종","계","2020. 05","영업용","승용",515
"세종","계","2020. 05","영업용","승합",426
"세종","계","2020. 05","영업용","화물",1603
"세종","계","2020. 05","영업용","특수",164
"강원","계","2020. 05","관용","승용",1818
"강원","계","2020. 05","관용","승합",1548
"강원","계","2020. 05","관용","화물",2491
"강원","계","2020. 05","관용","특수",173
"강원","계","2020. 05","자가용","승용",588893
"강원","계","2020. 05","자가용","승합",24212
"강원","계","2020. 05","자가용","화물",146155
"강원","계","2020. 05","자가용","특수",1470
"강원","계","2020. 05","영업용","승용",11828
"강원","계","2020. 05","영업용","승합",3236
"강원","계","2020. 05","영업용","화물",8420
"강원","계","2020. 05","영업용","특수",1664
"충북","계","2020. 05","관용","승용",1352
"충북","계","2020. 05","관용","승합",977
"충북","계","2020. 05","관용","화물",1572
"충북","계","2020. 05","관용","특수",119
"충북","계","2020. 05","자가용","승용",640943
"충북","계","2020. 05","자가용","승합",25161
"충북","계","2020. 05","자가용","화물",142586
"충북","계","2020. 05","자가용","특수",1386
"충북","계","2020. 05","영업용","승용",14786
"충북","계","2020. 05","영업용","승합",3825
"충북","계","2020. 05","영업용","화물",14048
"충북","계","2020. 05","영업용","특수",2717
"충남","계","2020. 05","관용","승용",1899
"충남","계","2020. 05","관용","승합",1198
"충남","계","2020. 05","관용","화물",2375
"충남","계","2020. 05","관용","특수",261
"충남","계","2020. 05","자가용","승용",844309
"충남","계","2020. 05","자가용","승합",35475
"충남","계","2020. 05","자가용","화물",203185
"충남","계","2020. 05","자가용","특수",1802
"충남","계","2020. 05","영업용","승용",13195
"충남","계","2020. 05","영업용","승합",5404
"충남","계","2020. 05","영업용","화물",17524
"충남","계","2020. 05","영업용","특수",2930
"전북","계","2020. 05","관용","승용",1739
"전북","계","2020. 05","관용","승합",1294
"전북","계","2020. 05","관용","화물",2065
"전북","계","2020. 05","관용","특수",157
"전북","계","2020. 05","자가용","승용",692471
"전북","계","2020. 05","자가용","승합",27382
"전북","계","2020. 05","자가용","화물",168775
"전북","계","2020. 05","자가용","특수",1650
"전북","계","2020. 05","영업용","승용",18632
"전북","계","2020. 05","영업용","승합",4234
"전북","계","2020. 05","영업용","화물",15217
"전북","계","2020. 05","영업용","특수",2174
"전남","계","2020. 05","관용","승용",2142
"전남","계","2020. 05","관용","승합",1554
"전남","계","2020. 05","관용","화물",2470
"전남","계","2020. 05","관용","특수",177
"전남","계","2020. 05","자가용","승용",673094
"전남","계","2020. 05","자가용","승합",30285
"전남","계","2020. 05","자가용","화물",221374
"전남","계","2020. 05","자가용","특수",2271
"전남","계","2020. 05","영업용","승용",102710
"전남","계","2020. 05","영업용","승합",7646
"전남","계","2020. 05","영업용","화물",20080
"전남","계","2020. 05","영업용","특수",4774
"경북","계","2020. 05","관용","승용",2599
"경북","계","2020. 05","관용","승합",1746
"경북","계","2020. 05","관용","화물",2966
"경북","계","2020. 05","관용","특수",248
"경북","계","2020. 05","자가용","승용",1063881
"경북","계","2020. 05","자가용","승합",41585
"경북","계","2020. 05","자가용","화물",291574
"경북","계","2020. 05","자가용","특수",2944
"경북","계","2020. 05","영업용","승용",14112
"경북","계","2020. 05","영업용","승합",5361
"경북","계","2020. 05","영업용","화물",23782
"경북","계","2020. 05","영업용","특수",4998
"경남","계","2020. 05","관용","승용",2448
"경남","계","2020. 05","관용","승합",1900
"경남","계","2020. 05","관용","화물",2576
"경남","계","2020. 05","관용","특수",197
"경남","계","2020. 05","자가용","승용",1329751
"경남","계","2020. 05","자가용","승합",45237
"경남","계","2020. 05","자가용","화물",265318
"경남","계","2020. 05","자가용","특수",2513
"경남","계","2020. 05","영업용","승용",53948
"경남","계","2020. 05","영업용","승합",7437
"경남","계","2020. 05","영업용","화물",24713
"경남","계","2020. 05","영업용","특수",5458
"제주","계","2020. 05","관용","승용",859
"제주","계","2020. 05","관용","승합",470
"제주","계","2020. 05","관용","화물",1039
"제주","계","2020. 05","관용","특수",83
"제주","계","2020. 05","자가용","승용",285407
"제주","계","2020. 05","자가용","승합",11377
"제주","계","2020. 05","자가용","화물",75600
"제주","계","2020. 05","자가용","특수",653
"제주","계","2020. 05","영업용","승용",214455
"제주","계","2020. 05","영업용","승합",7295
"제주","계","2020. 05","영업용","화물",3646
"제주","계","2020. 05","영업용","특수",637
"서울","계","2020. 06","관용","승용",4536
"서울","계","2020. 06","관용","승합",3710
"서울","계","2020. 06","관용","화물",4061
"서울","계","2020. 06","관용","특수",350
"서울","계","2020. 06","자가용","승용",2562705
"서울","계","2020. 06","자가용","승합",90549
"서울","계","2020. 06","자가용","화물",268585
"서울","계","2020. 06","자가용","특수",3312
"서울","계","2020. 06","영업용","승용",124633
"서울","계","2020. 06","영업용","승합",16330
"서울","계","2020. 06","영업용","화물",57972
"서울","계","2020. 06","영업용","특수",4967
"부산","계","2020. 06","관용","승용",1681
"부산","계","2020. 06","관용","승합",1312
"부산","계","2020. 06","관용","화물",1648
"부산","계","2020. 06","관용","특수",135
"부산","계","2020. 06","자가용","승용",1089974
"부산","계","2020. 06","자가용","승합",35453
"부산","계","2020. 06","자가용","화물",151750
"부산","계","2020. 06","자가용","특수",1675
"부산","계","2020. 06","영업용","승용",79000
"부산","계","2020. 06","영업용","승합",6178
"부산","계","2020. 06","영업용","화물",33664
"부산","계","2020. 06","영업용","특수",8856
"대구","계","2020. 06","관용","승용",991
"대구","계","2020. 06","관용","승합",892
"대구","계","2020. 06","관용","화물",1384
"대구","계","2020. 06","관용","특수",121
"대구","계","2020. 06","자가용","승용",979663
"대구","계","2020. 06","자가용","승합",26173
"대구","계","2020. 06","자가용","화물",138710
"대구","계","2020. 06","자가용","특수",1152
"대구","계","2020. 06","영업용","승용",26427
"대구","계","2020. 06","영업용","승합",4051
"대구","계","2020. 06","영업용","화물",19114
"대구","계","2020. 06","영업용","특수",1984
"광주","계","2020. 06","관용","승용",824
"광주","계","2020. 06","관용","승합",601
"광주","계","2020. 06","관용","화물",735
"광주","계","2020. 06","관용","특수",81
"광주","계","2020. 06","자가용","승용",554788
"광주","계","2020. 06","자가용","승합",17107
"광주","계","2020. 06","자가용","화물",78329
"광주","계","2020. 06","자가용","특수",937
"광주","계","2020. 06","영업용","승용",14875
"광주","계","2020. 06","영업용","승합",2469
"광주","계","2020. 06","영업용","화물",13015
"광주","계","2020. 06","영업용","특수",1794
"대전","계","2020. 06","관용","승용",676
"대전","계","2020. 06","관용","승합",543
"대전","계","2020. 06","관용","화물",638
"대전","계","2020. 06","관용","특수",79
"대전","계","2020. 06","자가용","승용",557138
"대전","계","2020. 06","자가용","승합",17967
"대전","계","2020. 06","자가용","화물",74155
"대전","계","2020. 06","자가용","특수",907
"대전","계","2020. 06","영업용","승용",13885
"대전","계","2020. 06","영업용","승합",2150
"대전","계","2020. 06","영업용","화물",11490
"대전","계","2020. 06","영업용","특수",1638
"울산","계","2020. 06","관용","승용",689
"울산","계","2020. 06","관용","승합",443
"울산","계","2020. 06","관용","화물",645
"울산","계","2020. 06","관용","특수",42
"울산","계","2020. 06","자가용","승용",473321
"울산","계","2020. 06","자가용","승합",12419
"울산","계","2020. 06","자가용","화물",61432
"울산","계","2020. 06","자가용","특수",680
"울산","계","2020. 06","영업용","승용",8169
"울산","계","2020. 06","영업용","승합",1945
"울산","계","2020. 06","영업용","화물",9351
"울산","계","2020. 06","영업용","특수",2171
"경기","계","2020. 06","관용","승용",7290
"경기","계","2020. 06","관용","승합",4304
"경기","계","2020. 06","관용","화물",5706
"경기","계","2020. 06","관용","특수",515
"경기","계","2020. 06","자가용","승용",4774495
"경기","계","2020. 06","자가용","승합",170987
"경기","계","2020. 06","자가용","화물",684905
"경기","계","2020. 06","자가용","특수",7476
"경기","계","2020. 06","영업용","승용",71090
"경기","계","2020. 06","영업용","승합",32413
"경기","계","2020. 06","영업용","화물",114702
"경기","계","2020. 06","영업용","특수",11182
"세종","계","2020. 06","관용","승용",336
"세종","계","2020. 06","관용","승합",173
"세종","계","2020. 06","관용","화물",231
"세종","계","2020. 06","관용","특수",42
"세종","계","2020. 06","자가용","승용",145635
"세종","계","2020. 06","자가용","승합",3764
"세종","계","2020. 06","자가용","화물",14532
"세종","계","2020. 06","자가용","특수",202
"세종","계","2020. 06","영업용","승용",516
"세종","계","2020. 06","영업용","승합",426
"세종","계","2020. 06","영업용","화물",1603
"세종","계","2020. 06","영업용","특수",163
"강원","계","2020. 06","관용","승용",1829
"강원","계","2020. 06","관용","승합",1570
"강원","계","2020. 06","관용","화물",2488
"강원","계","2020. 06","관용","특수",176
"강원","계","2020. 06","자가용","승용",592408
"강원","계","2020. 06","자가용","승합",24203
"강원","계","2020. 06","자가용","화물",146671
"강원","계","2020. 06","자가용","특수",1500
"강원","계","2020. 06","영업용","승용",11766
"강원","계","2020. 06","영업용","승합",3227
"강원","계","2020. 06","영업용","화물",8430
"강원","계","2020. 06","영업용","특수",1686
"충북","계","2020. 06","관용","승용",1355
"충북","계","2020. 06","관용","승합",984
"충북","계","2020. 06","관용","화물",1587
"충북","계","2020. 06","관용","특수",117
"충북","계","2020. 06","자가용","승용",644877
"충북","계","2020. 06","자가용","승합",25180
"충북","계","2020. 06","자가용","화물",142872
"충북","계","2020. 06","자가용","특수",1441
"충북","계","2020. 06","영업용","승용",14721
"충북","계","2020. 06","영업용","승합",3823
"충북","계","2020. 06","영업용","화물",14088
"충북","계","2020. 06","영업용","특수",2725
"충남","계","2020. 06","관용","승용",1906
"충남","계","2020. 06","관용","승합",1202
"충남","계","2020. 06","관용","화물",2369
"충남","계","2020. 06","관용","특수",264
"충남","계","2020. 06","자가용","승용",849144
"충남","계","2020. 06","자가용","승합",35384
"충남","계","2020. 06","자가용","화물",203513
"충남","계","2020. 06","자가용","특수",1867
"충남","계","2020. 06","영업용","승용",13196
"충남","계","2020. 06","영업용","승합",5402
"충남","계","2020. 06","영업용","화물",17579
"충남","계","2020. 06","영업용","특수",2947
"전북","계","2020. 06","관용","승용",1758
"전북","계","2020. 06","관용","승합",1324
"전북","계","2020. 06","관용","화물",2085
"전북","계","2020. 06","관용","특수",160
"전북","계","2020. 06","자가용","승용",695370
"전북","계","2020. 06","자가용","승합",27329
"전북","계","2020. 06","자가용","화물",169059
"전북","계","2020. 06","자가용","특수",1689
"전북","계","2020. 06","영업용","승용",18614
"전북","계","2020. 06","영업용","승합",4214
"전북","계","2020. 06","영업용","화물",15250
"전북","계","2020. 06","영업용","특수",2181
"전남","계","2020. 06","관용","승용",2172
"전남","계","2020. 06","관용","승합",1582
"전남","계","2020. 06","관용","화물",2473
"전남","계","2020. 06","관용","특수",182
"전남","계","2020. 06","자가용","승용",676270
"전남","계","2020. 06","자가용","승합",30292
"전남","계","2020. 06","자가용","화물",221992
"전남","계","2020. 06","자가용","특수",2291
"전남","계","2020. 06","영업용","승용",104277
"전남","계","2020. 06","영업용","승합",7713
"전남","계","2020. 06","영업용","화물",20166
"전남","계","2020. 06","영업용","특수",4802
"경북","계","2020. 06","관용","승용",2618
"경북","계","2020. 06","관용","승합",1798
"경북","계","2020. 06","관용","화물",2999
"경북","계","2020. 06","관용","특수",251
"경북","계","2020. 06","자가용","승용",1067721
"경북","계","2020. 06","자가용","승합",41537
"경북","계","2020. 06","자가용","화물",292039
"경북","계","2020. 06","자가용","특수",3049
"경북","계","2020. 06","영업용","승용",14020
"경북","계","2020. 06","영업용","승합",5356
"경북","계","2020. 06","영업용","화물",23875
"경북","계","2020. 06","영업용","특수",4998
"경남","계","2020. 06","관용","승용",2475
"경남","계","2020. 06","관용","승합",1925
"경남","계","2020. 06","관용","화물",2582
"경남","계","2020. 06","관용","특수",201
"경남","계","2020. 06","자가용","승용",1335020
"경남","계","2020. 06","자가용","승합",45081
"경남","계","2020. 06","자가용","화물",265418
"경남","계","2020. 06","자가용","특수",2605
"경남","계","2020. 06","영업용","승용",55817
"경남","계","2020. 06","영업용","승합",7407
"경남","계","2020. 06","영업용","화물",24708
"경남","계","2020. 06","영업용","특수",5451
"제주","계","2020. 06","관용","승용",862
"제주","계","2020. 06","관용","승합",481
"제주","계","2020. 06","관용","화물",1042
"제주","계","2020. 06","관용","특수",83
"제주","계","2020. 06","자가용","승용",286887
"제주","계","2020. 06","자가용","승합",11363
"제주","계","2020. 06","자가용","화물",75672
"제주","계","2020. 06","자가용","특수",654
"제주","계","2020. 06","영업용","승용",217738
"제주","계","2020. 06","영업용","승합",7291
"제주","계","2020. 06","영업용","화물",3662
"제주","계","2020. 06","영업용","특수",644
"서울","계","2020. 07","관용","승용",4528
"서울","계","2020. 07","관용","승합",3789
"서울","계","2020. 07","관용","화물",4056
"서울","계","2020. 07","관용","특수",353
"서울","계","2020. 07","자가용","승용",2567831
"서울","계","2020. 07","자가용","승합",90119
"서울","계","2020. 07","자가용","화물",268452
"서울","계","2020. 07","자가용","특수",3387
"서울","계","2020. 07","영업용","승용",125781
"서울","계","2020. 07","영업용","승합",15937
"서울","계","2020. 07","영업용","화물",57941
"서울","계","2020. 07","영업용","특수",4975
"부산","계","2020. 07","관용","승용",1661
"부산","계","2020. 07","관용","승합",1310
"부산","계","2020. 07","관용","화물",1625
"부산","계","2020. 07","관용","특수",137
"부산","계","2020. 07","자가용","승용",1091627
"부산","계","2020. 07","자가용","승합",35296
"부산","계","2020. 07","자가용","화물",151529
"부산","계","2020. 07","자가용","특수",1724
"부산","계","2020. 07","영업용","승용",81514
"부산","계","2020. 07","영업용","승합",6226
"부산","계","2020. 07","영업용","화물",33692
"부산","계","2020. 07","영업용","특수",8858
"대구","계","2020. 07","관용","승용",985
"대구","계","2020. 07","관용","승합",886
"대구","계","2020. 07","관용","화물",1368
"대구","계","2020. 07","관용","특수",121
"대구","계","2020. 07","자가용","승용",983786
"대구","계","2020. 07","자가용","승합",26121
"대구","계","2020. 07","자가용","화물",138904
"대구","계","2020. 07","자가용","특수",1198
"대구","계","2020. 07","영업용","승용",26513
"대구","계","2020. 07","영업용","승합",4049
"대구","계","2020. 07","영업용","화물",19142
"대구","계","2020. 07","영업용","특수",1996
"광주","계","2020. 07","관용","승용",817
"광주","계","2020. 07","관용","승합",605
"광주","계","2020. 07","관용","화물",719
"광주","계","2020. 07","관용","특수",81
"광주","계","2020. 07","자가용","승용",556262
"광주","계","2020. 07","자가용","승합",17122
"광주","계","2020. 07","자가용","화물",78595
"광주","계","2020. 07","자가용","특수",981
"광주","계","2020. 07","영업용","승용",14873
"광주","계","2020. 07","영업용","승합",2459
"광주","계","2020. 07","영업용","화물",13079
"광주","계","2020. 07","영업용","특수",1798
"대전","계","2020. 07","관용","승용",658
"대전","계","2020. 07","관용","승합",534
"대전","계","2020. 07","관용","화물",642
"대전","계","2020. 07","관용","특수",80
"대전","계","2020. 07","자가용","승용",558750
"대전","계","2020. 07","자가용","승합",17967
"대전","계","2020. 07","자가용","화물",74349
"대전","계","2020. 07","자가용","특수",945
"대전","계","2020. 07","영업용","승용",13932
"대전","계","2020. 07","영업용","승합",2146
"대전","계","2020. 07","영업용","화물",11493
"대전","계","2020. 07","영업용","특수",1642
"울산","계","2020. 07","관용","승용",684
"울산","계","2020. 07","관용","승합",448
"울산","계","2020. 07","관용","화물",644
"울산","계","2020. 07","관용","특수",42
"울산","계","2020. 07","자가용","승용",475284
"울산","계","2020. 07","자가용","승합",12409
"울산","계","2020. 07","자가용","화물",61552
"울산","계","2020. 07","자가용","특수",709
"울산","계","2020. 07","영업용","승용",8185
"울산","계","2020. 07","영업용","승합",1943
"울산","계","2020. 07","영업용","화물",9344
"울산","계","2020. 07","영업용","특수",2171
"경기","계","2020. 07","관용","승용",7239
"경기","계","2020. 07","관용","승합",4280
"경기","계","2020. 07","관용","화물",5675
"경기","계","2020. 07","관용","특수",518
"경기","계","2020. 07","자가용","승용",4792695
"경기","계","2020. 07","자가용","승합",170608
"경기","계","2020. 07","자가용","화물",685096
"경기","계","2020. 07","자가용","특수",7922
"경기","계","2020. 07","영업용","승용",71037
"경기","계","2020. 07","영업용","승합",32392
"경기","계","2020. 07","영업용","화물",115112
"경기","계","2020. 07","영업용","특수",11172
"세종","계","2020. 07","관용","승용",336
"세종","계","2020. 07","관용","승합",176
"세종","계","2020. 07","관용","화물",230
"세종","계","2020. 07","관용","특수",40
"세종","계","2020. 07","자가용","승용",146467
"세종","계","2020. 07","자가용","승합",3747
"세종","계","2020. 07","자가용","화물",14616
"세종","계","2020. 07","자가용","특수",215
"세종","계","2020. 07","영업용","승용",516
"세종","계","2020. 07","영업용","승합",425
"세종","계","2020. 07","영업용","화물",1604
"세종","계","2020. 07","영업용","특수",163
"강원","계","2020. 07","관용","승용",1828
"강원","계","2020. 07","관용","승합",1574
"강원","계","2020. 07","관용","화물",2489
"강원","계","2020. 07","관용","특수",179
"강원","계","2020. 07","자가용","승용",595257
"강원","계","2020. 07","자가용","승합",24202
"강원","계","2020. 07","자가용","화물",147188
"강원","계","2020. 07","자가용","특수",1537
"강원","계","2020. 07","영업용","승용",11863
"강원","계","2020. 07","영업용","승합",3220
"강원","계","2020. 07","영업용","화물",8456
"강원","계","2020. 07","영업용","특수",1699
"충북","계","2020. 07","관용","승용",1342
"충북","계","2020. 07","관용","승합",997
"충북","계","2020. 07","관용","화물",1586
"충북","계","2020. 07","관용","특수",118
"충북","계","2020. 07","자가용","승용",647201
"충북","계","2020. 07","자가용","승합",25097
"충북","계","2020. 07","자가용","화물",142860
"충북","계","2020. 07","자가용","특수",1489
"충북","계","2020. 07","영업용","승용",14913
"충북","계","2020. 07","영업용","승합",3815
"충북","계","2020. 07","영업용","화물",14088
"충북","계","2020. 07","영업용","특수",2731
"충남","계","2020. 07","관용","승용",1862
"충남","계","2020. 07","관용","승합",1208
"충남","계","2020. 07","관용","화물",2373
"충남","계","2020. 07","관용","특수",264
"충남","계","2020. 07","자가용","승용",852716
"충남","계","2020. 07","자가용","승합",35396
"충남","계","2020. 07","자가용","화물",203998
"충남","계","2020. 07","자가용","특수",1906
"충남","계","2020. 07","영업용","승용",13201
"충남","계","2020. 07","영업용","승합",5363
"충남","계","2020. 07","영업용","화물",17660
"충남","계","2020. 07","영업용","특수",2950
"전북","계","2020. 07","관용","승용",1764
"전북","계","2020. 07","관용","승합",1316
"전북","계","2020. 07","관용","화물",2074
"전북","계","2020. 07","관용","특수",157
"전북","계","2020. 07","자가용","승용",697178
"전북","계","2020. 07","자가용","승합",27327
"전북","계","2020. 07","자가용","화물",169465
"전북","계","2020. 07","자가용","특수",1722
"전북","계","2020. 07","영업용","승용",18451
"전북","계","2020. 07","영업용","승합",4195
"전북","계","2020. 07","영업용","화물",15290
"전북","계","2020. 07","영업용","특수",2190
"전남","계","2020. 07","관용","승용",2179
"전남","계","2020. 07","관용","승합",1593
"전남","계","2020. 07","관용","화물",2473
"전남","계","2020. 07","관용","특수",182
"전남","계","2020. 07","자가용","승용",678785
"전남","계","2020. 07","자가용","승합",30282
"전남","계","2020. 07","자가용","화물",222588
"전남","계","2020. 07","자가용","특수",2328
"전남","계","2020. 07","영업용","승용",106032
"전남","계","2020. 07","영업용","승합",7772
"전남","계","2020. 07","영업용","화물",20179
"전남","계","2020. 07","영업용","특수",4809
"경북","계","2020. 07","관용","승용",2626
"경북","계","2020. 07","관용","승합",1805
"경북","계","2020. 07","관용","화물",2991
"경북","계","2020. 07","관용","특수",250
"경북","계","2020. 07","자가용","승용",1070480
"경북","계","2020. 07","자가용","승합",41474
"경북","계","2020. 07","자가용","화물",292543
"경북","계","2020. 07","자가용","특수",3036
"경북","계","2020. 07","영업용","승용",13989
"경북","계","2020. 07","영업용","승합",5424
"경북","계","2020. 07","영업용","화물",23881
"경북","계","2020. 07","영업용","특수",4996
"경남","계","2020. 07","관용","승용",2459
"경남","계","2020. 07","관용","승합",1933
"경남","계","2020. 07","관용","화물",2571
"경남","계","2020. 07","관용","특수",204
"경남","계","2020. 07","자가용","승용",1338624
"경남","계","2020. 07","자가용","승합",45040
"경남","계","2020. 07","자가용","화물",265593
"경남","계","2020. 07","자가용","특수",2721
"경남","계","2020. 07","영업용","승용",56184
"경남","계","2020. 07","영업용","승합",7339
"경남","계","2020. 07","영업용","화물",24762
"경남","계","2020. 07","영업용","특수",5452
"제주","계","2020. 07","관용","승용",855
"제주","계","2020. 07","관용","승합",483
"제주","계","2020. 07","관용","화물",1041
"제주","계","2020. 07","관용","특수",84
"제주","계","2020. 07","자가용","승용",288186
"제주","계","2020. 07","자가용","승합",11333
"제주","계","2020. 07","자가용","화물",75989
"제주","계","2020. 07","자가용","특수",655
"제주","계","2020. 07","영업용","승용",222102
"제주","계","2020. 07","영업용","승합",7301
"제주","계","2020. 07","영업용","화물",3652
"제주","계","2020. 07","영업용","특수",644
"서울","계","2020. 08","관용","승용",4510
"서울","계","2020. 08","관용","승합",3767
"서울","계","2020. 08","관용","화물",4052
"서울","계","2020. 08","관용","특수",358
"서울","계","2020. 08","자가용","승용",2569281
"서울","계","2020. 08","자가용","승합",89658
"서울","계","2020. 08","자가용","화물",268623
"서울","계","2020. 08","자가용","특수",3389
"서울","계","2020. 08","영업용","승용",126010
"서울","계","2020. 08","영업용","승합",15625
"서울","계","2020. 08","영업용","화물",57826
"서울","계","2020. 08","영업용","특수",4972
"부산","계","2020. 08","관용","승용",1650
"부산","계","2020. 08","관용","승합",1314
"부산","계","2020. 08","관용","화물",1625
"부산","계","2020. 08","관용","특수",137
"부산","계","2020. 08","자가용","승용",1092950
"부산","계","2020. 08","자가용","승합",35212
"부산","계","2020. 08","자가용","화물",151321
"부산","계","2020. 08","자가용","특수",1783
"부산","계","2020. 08","영업용","승용",82097
"부산","계","2020. 08","영업용","승합",6211
"부산","계","2020. 08","영업용","화물",33630
"부산","계","2020. 08","영업용","특수",8872
"대구","계","2020. 08","관용","승용",989
"대구","계","2020. 08","관용","승합",907
"대구","계","2020. 08","관용","화물",1376
"대구","계","2020. 08","관용","특수",121
"대구","계","2020. 08","자가용","승용",990689
"대구","계","2020. 08","자가용","승합",26056
"대구","계","2020. 08","자가용","화물",138851
"대구","계","2020. 08","자가용","특수",1270
"대구","계","2020. 08","영업용","승용",26471
"대구","계","2020. 08","영업용","승합",4043
"대구","계","2020. 08","영업용","화물",19122
"대구","계","2020. 08","영업용","특수",2010
"광주","계","2020. 08","관용","승용",817
"광주","계","2020. 08","관용","승합",595
"광주","계","2020. 08","관용","화물",717
"광주","계","2020. 08","관용","특수",82
"광주","계","2020. 08","자가용","승용",556003
"광주","계","2020. 08","자가용","승합",17066
"광주","계","2020. 08","자가용","화물",78486
"광주","계","2020. 08","자가용","특수",1002
"광주","계","2020. 08","영업용","승용",14807
"광주","계","2020. 08","영업용","승합",2462
"광주","계","2020. 08","영업용","화물",13161
"광주","계","2020. 08","영업용","특수",1809
"대전","계","2020. 08","관용","승용",649
"대전","계","2020. 08","관용","승합",535
"대전","계","2020. 08","관용","화물",640
"대전","계","2020. 08","관용","특수",80
"대전","계","2020. 08","자가용","승용",558473
"대전","계","2020. 08","자가용","승합",17937
"대전","계","2020. 08","자가용","화물",74347
"대전","계","2020. 08","자가용","특수",960
"대전","계","2020. 08","영업용","승용",13911
"대전","계","2020. 08","영업용","승합",2150
"대전","계","2020. 08","영업용","화물",11493
"대전","계","2020. 08","영업용","특수",1640
"울산","계","2020. 08","관용","승용",683
"울산","계","2020. 08","관용","승합",451
"울산","계","2020. 08","관용","화물",643
"울산","계","2020. 08","관용","특수",43
"울산","계","2020. 08","자가용","승용",475282
"울산","계","2020. 08","자가용","승합",12315
"울산","계","2020. 08","자가용","화물",61361
"울산","계","2020. 08","자가용","특수",729
"울산","계","2020. 08","영업용","승용",8179
"울산","계","2020. 08","영업용","승합",1946
"울산","계","2020. 08","영업용","화물",9350
"울산","계","2020. 08","영업용","특수",2163
"경기","계","2020. 08","관용","승용",7235
"경기","계","2020. 08","관용","승합",4276
"경기","계","2020. 08","관용","화물",5663
"경기","계","2020. 08","관용","특수",517
"경기","계","2020. 08","자가용","승용",4805842
"경기","계","2020. 08","자가용","승합",170227
"경기","계","2020. 08","자가용","화물",685617
"경기","계","2020. 08","자가용","특수",8570
"경기","계","2020. 08","영업용","승용",70869
"경기","계","2020. 08","영업용","승합",32273
"경기","계","2020. 08","영업용","화물",115365
"경기","계","2020. 08","영업용","특수",11194
"세종","계","2020. 08","관용","승용",332
"세종","계","2020. 08","관용","승합",175
"세종","계","2020. 08","관용","화물",225
"세종","계","2020. 08","관용","특수",40
"세종","계","2020. 08","자가용","승용",147280
"세종","계","2020. 08","자가용","승합",3727
"세종","계","2020. 08","자가용","화물",14636
"세종","계","2020. 08","자가용","특수",221
"세종","계","2020. 08","영업용","승용",598
"세종","계","2020. 08","영업용","승합",425
"세종","계","2020. 08","영업용","화물",1602
"세종","계","2020. 08","영업용","특수",165
"강원","계","2020. 08","관용","승용",1818
"강원","계","2020. 08","관용","승합",1575
"강원","계","2020. 08","관용","화물",2474
"강원","계","2020. 08","관용","특수",179
"강원","계","2020. 08","자가용","승용",596789
"강원","계","2020. 08","자가용","승합",24132
"강원","계","2020. 08","자가용","화물",147270
"강원","계","2020. 08","자가용","특수",1571
"강원","계","2020. 08","영업용","승용",11837
"강원","계","2020. 08","영업용","승합",3200
"강원","계","2020. 08","영업용","화물",8443
"강원","계","2020. 08","영업용","특수",1699
"충북","계","2020. 08","관용","승용",1343
"충북","계","2020. 08","관용","승합",1004
"충북","계","2020. 08","관용","화물",1586
"충북","계","2020. 08","관용","특수",116
"충북","계","2020. 08","자가용","승용",648313
"충북","계","2020. 08","자가용","승합",25034
"충북","계","2020. 08","자가용","화물",142780
"충북","계","2020. 08","자가용","특수",1535
"충북","계","2020. 08","영업용","승용",14993
"충북","계","2020. 08","영업용","승합",3820
"충북","계","2020. 08","영업용","화물",14175
"충북","계","2020. 08","영업용","특수",2738
"충남","계","2020. 08","관용","승용",1853
"충남","계","2020. 08","관용","승합",1233
"충남","계","2020. 08","관용","화물",2372
"충남","계","2020. 08","관용","특수",269
"충남","계","2020. 08","자가용","승용",854085
"충남","계","2020. 08","자가용","승합",35319
"충남","계","2020. 08","자가용","화물",204185
"충남","계","2020. 08","자가용","특수",1957
"충남","계","2020. 08","영업용","승용",13121
"충남","계","2020. 08","영업용","승합",5360
"충남","계","2020. 08","영업용","화물",17702
"충남","계","2020. 08","영업용","특수",2953
"전북","계","2020. 08","관용","승용",1743
"전북","계","2020. 08","관용","승합",1326
"전북","계","2020. 08","관용","화물",2068
"전북","계","2020. 08","관용","특수",157
"전북","계","2020. 08","자가용","승용",698008
"전북","계","2020. 08","자가용","승합",27264
"전북","계","2020. 08","자가용","화물",169453
"전북","계","2020. 08","자가용","특수",1742
"전북","계","2020. 08","영업용","승용",18391
"전북","계","2020. 08","영업용","승합",4184
"전북","계","2020. 08","영업용","화물",15298
"전북","계","2020. 08","영업용","특수",2202
"전남","계","2020. 08","관용","승용",2166
"전남","계","2020. 08","관용","승합",1614
"전남","계","2020. 08","관용","화물",2482
"전남","계","2020. 08","관용","특수",186
"전남","계","2020. 08","자가용","승용",679708
"전남","계","2020. 08","자가용","승합",30170
"전남","계","2020. 08","자가용","화물",222423
"전남","계","2020. 08","자가용","특수",2368
"전남","계","2020. 08","영업용","승용",107719
"전남","계","2020. 08","영업용","승합",7756
"전남","계","2020. 08","영업용","화물",20160
"전남","계","2020. 08","영업용","특수",4815
"경북","계","2020. 08","관용","승용",2597
"경북","계","2020. 08","관용","승합",1773
"경북","계","2020. 08","관용","화물",2968
"경북","계","2020. 08","관용","특수",251
"경북","계","2020. 08","자가용","승용",1071821
"경북","계","2020. 08","자가용","승합",41370
"경북","계","2020. 08","자가용","화물",292418
"경북","계","2020. 08","자가용","특수",2658
"경북","계","2020. 08","영업용","승용",13914
"경북","계","2020. 08","영업용","승합",5415
"경북","계","2020. 08","영업용","화물",23955
"경북","계","2020. 08","영업용","특수",5006
"경남","계","2020. 08","관용","승용",2451
"경남","계","2020. 08","관용","승합",1920
"경남","계","2020. 08","관용","화물",2563
"경남","계","2020. 08","관용","특수",204
"경남","계","2020. 08","자가용","승용",1339430
"경남","계","2020. 08","자가용","승합",44928
"경남","계","2020. 08","자가용","화물",265371
"경남","계","2020. 08","자가용","특수",2814
"경남","계","2020. 08","영업용","승용",56943
"경남","계","2020. 08","영업용","승합",7326
"경남","계","2020. 08","영업용","화물",24776
"경남","계","2020. 08","영업용","특수",5457
"제주","계","2020. 08","관용","승용",846
"제주","계","2020. 08","관용","승합",480
"제주","계","2020. 08","관용","화물",1036
"제주","계","2020. 08","관용","특수",83
"제주","계","2020. 08","자가용","승용",289014
"제주","계","2020. 08","자가용","승합",11334
"제주","계","2020. 08","자가용","화물",76332
"제주","계","2020. 08","자가용","특수",664
"제주","계","2020. 08","영업용","승용",224468
"제주","계","2020. 08","영업용","승합",7307
"제주","계","2020. 08","영업용","화물",3661
"제주","계","2020. 08","영업용","특수",643
"서울","계","2020. 09","관용","승용",4546
"서울","계","2020. 09","관용","승합",3772
"서울","계","2020. 09","관용","화물",4042
"서울","계","2020. 09","관용","특수",368
"서울","계","2020. 09","자가용","승용",2572932
"서울","계","2020. 09","자가용","승합",89032
"서울","계","2020. 09","자가용","화물",269544
"서울","계","2020. 09","자가용","특수",3452
"서울","계","2020. 09","영업용","승용",125951
"서울","계","2020. 09","영업용","승합",15401
"서울","계","2020. 09","영업용","화물",57843
"서울","계","2020. 09","영업용","특수",4959
"부산","계","2020. 09","관용","승용",1667
"부산","계","2020. 09","관용","승합",1274
"부산","계","2020. 09","관용","화물",1619
"부산","계","2020. 09","관용","특수",138
"부산","계","2020. 09","자가용","승용",1095606
"부산","계","2020. 09","자가용","승합",35103
"부산","계","2020. 09","자가용","화물",151230
"부산","계","2020. 09","자가용","특수",1821
"부산","계","2020. 09","영업용","승용",82886
"부산","계","2020. 09","영업용","승합",6189
"부산","계","2020. 09","영업용","화물",33645
"부산","계","2020. 09","영업용","특수",8881
"대구","계","2020. 09","관용","승용",999
"대구","계","2020. 09","관용","승합",894
"대구","계","2020. 09","관용","화물",1373
"대구","계","2020. 09","관용","특수",120
"대구","계","2020. 09","자가용","승용",995490
"대구","계","2020. 09","자가용","승합",26042
"대구","계","2020. 09","자가용","화물",138847
"대구","계","2020. 09","자가용","특수",1341
"대구","계","2020. 09","영업용","승용",26432
"대구","계","2020. 09","영업용","승합",4037
"대구","계","2020. 09","영업용","화물",19135
"대구","계","2020. 09","영업용","특수",2015
"광주","계","2020. 09","관용","승용",814
"광주","계","2020. 09","관용","승합",597
"광주","계","2020. 09","관용","화물",726
"광주","계","2020. 09","관용","특수",82
"광주","계","2020. 09","자가용","승용",558151
"광주","계","2020. 09","자가용","승합",17062
"광주","계","2020. 09","자가용","화물",78595
"광주","계","2020. 09","자가용","특수",1021
"광주","계","2020. 09","영업용","승용",14775
"광주","계","2020. 09","영업용","승합",2431
"광주","계","2020. 09","영업용","화물",13259
"광주","계","2020. 09","영업용","특수",1818
"대전","계","2020. 09","관용","승용",648
"대전","계","2020. 09","관용","승합",537
"대전","계","2020. 09","관용","화물",643
"대전","계","2020. 09","관용","특수",79
"대전","계","2020. 09","자가용","승용",560214
"대전","계","2020. 09","자가용","승합",17881
"대전","계","2020. 09","자가용","화물",74773
"대전","계","2020. 09","자가용","특수",987
"대전","계","2020. 09","영업용","승용",13936
"대전","계","2020. 09","영업용","승합",2147
"대전","계","2020. 09","영업용","화물",11541
"대전","계","2020. 09","영업용","특수",1648
"울산","계","2020. 09","관용","승용",681
"울산","계","2020. 09","관용","승합",452
"울산","계","2020. 09","관용","화물",646
"울산","계","2020. 09","관용","특수",43
"울산","계","2020. 09","자가용","승용",475837
"울산","계","2020. 09","자가용","승합",12252
"울산","계","2020. 09","자가용","화물",61285
"울산","계","2020. 09","자가용","특수",740
"울산","계","2020. 09","영업용","승용",8168
"울산","계","2020. 09","영업용","승합",1938
"울산","계","2020. 09","영업용","화물",9369
"울산","계","2020. 09","영업용","특수",2162
"경기","계","2020. 09","관용","승용",7304
"경기","계","2020. 09","관용","승합",4276
"경기","계","2020. 09","관용","화물",5645
"경기","계","2020. 09","관용","특수",555
"경기","계","2020. 09","자가용","승용",4829671
"경기","계","2020. 09","자가용","승합",169869
"경기","계","2020. 09","자가용","화물",686472
"경기","계","2020. 09","자가용","특수",8916
"경기","계","2020. 09","영업용","승용",71732
"경기","계","2020. 09","영업용","승합",32216
"경기","계","2020. 09","영업용","화물",115682
"경기","계","2020. 09","영업용","특수",11213
"세종","계","2020. 09","관용","승용",333
"세종","계","2020. 09","관용","승합",175
"세종","계","2020. 09","관용","화물",225
"세종","계","2020. 09","관용","특수",40
"세종","계","2020. 09","자가용","승용",147982
"세종","계","2020. 09","자가용","승합",3736
"세종","계","2020. 09","자가용","화물",14620
"세종","계","2020. 09","자가용","특수",234
"세종","계","2020. 09","영업용","승용",598
"세종","계","2020. 09","영업용","승합",423
"세종","계","2020. 09","영업용","화물",1614
"세종","계","2020. 09","영업용","특수",164
"강원","계","2020. 09","관용","승용",1838
"강원","계","2020. 09","관용","승합",1585
"강원","계","2020. 09","관용","화물",2480
"강원","계","2020. 09","관용","특수",180
"강원","계","2020. 09","자가용","승용",598705
"강원","계","2020. 09","자가용","승합",24141
"강원","계","2020. 09","자가용","화물",147570
"강원","계","2020. 09","자가용","특수",1598
"강원","계","2020. 09","영업용","승용",11771
"강원","계","2020. 09","영업용","승합",3182
"강원","계","2020. 09","영업용","화물",8479
"강원","계","2020. 09","영업용","특수",1702
"충북","계","2020. 09","관용","승용",1359
"충북","계","2020. 09","관용","승합",1010
"충북","계","2020. 09","관용","화물",1587
"충북","계","2020. 09","관용","특수",118
"충북","계","2020. 09","자가용","승용",650691
"충북","계","2020. 09","자가용","승합",24927
"충북","계","2020. 09","자가용","화물",142903
"충북","계","2020. 09","자가용","특수",1573
"충북","계","2020. 09","영업용","승용",15092
"충북","계","2020. 09","영업용","승합",3797
"충북","계","2020. 09","영업용","화물",14235
"충북","계","2020. 09","영업용","특수",2743
"충남","계","2020. 09","관용","승용",1873
"충남","계","2020. 09","관용","승합",1238
"충남","계","2020. 09","관용","화물",2375
"충남","계","2020. 09","관용","특수",271
"충남","계","2020. 09","자가용","승용",857101
"충남","계","2020. 09","자가용","승합",35193
"충남","계","2020. 09","자가용","화물",204164
"충남","계","2020. 09","자가용","특수",2035
"충남","계","2020. 09","영업용","승용",13100
"충남","계","2020. 09","영업용","승합",5362
"충남","계","2020. 09","영업용","화물",17715
"충남","계","2020. 09","영업용","특수",2968
"전북","계","2020. 09","관용","승용",1746
"전북","계","2020. 09","관용","승합",1328
"전북","계","2020. 09","관용","화물",2079
"전북","계","2020. 09","관용","특수",159
"전북","계","2020. 09","자가용","승용",699824
"전북","계","2020. 09","자가용","승합",27186
"전북","계","2020. 09","자가용","화물",169568
"전북","계","2020. 09","자가용","특수",1782
"전북","계","2020. 09","영업용","승용",18404
"전북","계","2020. 09","영업용","승합",4180
"전북","계","2020. 09","영업용","화물",15298
"전북","계","2020. 09","영업용","특수",2208
"전남","계","2020. 09","관용","승용",2189
"전남","계","2020. 09","관용","승합",1596
"전남","계","2020. 09","관용","화물",2493
"전남","계","2020. 09","관용","특수",185
"전남","계","2020. 09","자가용","승용",681661
"전남","계","2020. 09","자가용","승합",30044
"전남","계","2020. 09","자가용","화물",222612
"전남","계","2020. 09","자가용","특수",2413
"전남","계","2020. 09","영업용","승용",110880
"전남","계","2020. 09","영업용","승합",7756
"전남","계","2020. 09","영업용","화물",20185
"전남","계","2020. 09","영업용","특수",4822
"경북","계","2020. 09","관용","승용",2621
"경북","계","2020. 09","관용","승합",1767
"경북","계","2020. 09","관용","화물",2961
"경북","계","2020. 09","관용","특수",250
"경북","계","2020. 09","자가용","승용",1074203
"경북","계","2020. 09","자가용","승합",41231
"경북","계","2020. 09","자가용","화물",292517
"경북","계","2020. 09","자가용","특수",2709
"경북","계","2020. 09","영업용","승용",13898
"경북","계","2020. 09","영업용","승합",5395
"경북","계","2020. 09","영업용","화물",23996
"경북","계","2020. 09","영업용","특수",5018
"경남","계","2020. 09","관용","승용",2494
"경남","계","2020. 09","관용","승합",1912
"경남","계","2020. 09","관용","화물",2573
"경남","계","2020. 09","관용","특수",201
"경남","계","2020. 09","자가용","승용",1342678
"경남","계","2020. 09","자가용","승합",44748
"경남","계","2020. 09","자가용","화물",265725
"경남","계","2020. 09","자가용","특수",2871
"경남","계","2020. 09","영업용","승용",58104
"경남","계","2020. 09","영업용","승합",7353
"경남","계","2020. 09","영업용","화물",24859
"경남","계","2020. 09","영업용","특수",5458
"제주","계","2020. 09","관용","승용",853
"제주","계","2020. 09","관용","승합",491
"제주","계","2020. 09","관용","화물",1037
"제주","계","2020. 09","관용","특수",84
"제주","계","2020. 09","자가용","승용",290221
"제주","계","2020. 09","자가용","승합",11313
"제주","계","2020. 09","자가용","화물",76621
"제주","계","2020. 09","자가용","특수",671
"제주","계","2020. 09","영업용","승용",227611
"제주","계","2020. 09","영업용","승합",7337
"제주","계","2020. 09","영업용","화물",3673
"제주","계","2020. 09","영업용","특수",650
"서울","계","2020. 10","관용","승용",4543
"서울","계","2020. 10","관용","승합",3760
"서울","계","2020. 10","관용","화물",4015
"서울","계","2020. 10","관용","특수",374
"서울","계","2020. 10","자가용","승용",2576019
"서울","계","2020. 10","자가용","승합",88509
"서울","계","2020. 10","자가용","화물",269398
"서울","계","2020. 10","자가용","특수",3502
"서울","계","2020. 10","영업용","승용",125280
"서울","계","2020. 10","영업용","승합",15432
"서울","계","2020. 10","영업용","화물",57958
"서울","계","2020. 10","영업용","특수",4942
"부산","계","2020. 10","관용","승용",1703
"부산","계","2020. 10","관용","승합",1276
"부산","계","2020. 10","관용","화물",1607
"부산","계","2020. 10","관용","특수",138
"부산","계","2020. 10","자가용","승용",1097949
"부산","계","2020. 10","자가용","승합",34981
"부산","계","2020. 10","자가용","화물",151338
"부산","계","2020. 10","자가용","특수",1875
"부산","계","2020. 10","영업용","승용",83584
"부산","계","2020. 10","영업용","승합",6187
"부산","계","2020. 10","영업용","화물",33694
"부산","계","2020. 10","영업용","특수",8883
"대구","계","2020. 10","관용","승용",998
"대구","계","2020. 10","관용","승합",898
"대구","계","2020. 10","관용","화물",1385
"대구","계","2020. 10","관용","특수",122
"대구","계","2020. 10","자가용","승용",996089
"대구","계","2020. 10","자가용","승합",25808
"대구","계","2020. 10","자가용","화물",137907
"대구","계","2020. 10","자가용","특수",1389
"대구","계","2020. 10","영업용","승용",26237
"대구","계","2020. 10","영업용","승합",4025
"대구","계","2020. 10","영업용","화물",19105
"대구","계","2020. 10","영업용","특수",2026
"광주","계","2020. 10","관용","승용",821
"광주","계","2020. 10","관용","승합",588
"광주","계","2020. 10","관용","화물",720
"광주","계","2020. 10","관용","특수",81
"광주","계","2020. 10","자가용","승용",558934
"광주","계","2020. 10","자가용","승합",16989
"광주","계","2020. 10","자가용","화물",78485
"광주","계","2020. 10","자가용","특수",1046
"광주","계","2020. 10","영업용","승용",14679
"광주","계","2020. 10","영업용","승합",2427
"광주","계","2020. 10","영업용","화물",13386
"광주","계","2020. 10","영업용","특수",1810
"대전","계","2020. 10","관용","승용",649
"대전","계","2020. 10","관용","승합",533
"대전","계","2020. 10","관용","화물",640
"대전","계","2020. 10","관용","특수",78
"대전","계","2020. 10","자가용","승용",560504
"대전","계","2020. 10","자가용","승합",17667
"대전","계","2020. 10","자가용","화물",74355
"대전","계","2020. 10","자가용","특수",1035
"대전","계","2020. 10","영업용","승용",14012
"대전","계","2020. 10","영업용","승합",2142
"대전","계","2020. 10","영업용","화물",11566
"대전","계","2020. 10","영업용","특수",1645
"울산","계","2020. 10","관용","승용",675
"울산","계","2020. 10","관용","승합",444
"울산","계","2020. 10","관용","화물",644
"울산","계","2020. 10","관용","특수",43
"울산","계","2020. 10","자가용","승용",476222
"울산","계","2020. 10","자가용","승합",12191
"울산","계","2020. 10","자가용","화물",61182
"울산","계","2020. 10","자가용","특수",757
"울산","계","2020. 10","영업용","승용",8190
"울산","계","2020. 10","영업용","승합",1940
"울산","계","2020. 10","영업용","화물",9393
"울산","계","2020. 10","영업용","특수",2167
"경기","계","2020. 10","관용","승용",7263
"경기","계","2020. 10","관용","승합",4277
"경기","계","2020. 10","관용","화물",5645
"경기","계","2020. 10","관용","특수",556
"경기","계","2020. 10","자가용","승용",4848137
"경기","계","2020. 10","자가용","승합",169098
"경기","계","2020. 10","자가용","화물",687480
"경기","계","2020. 10","자가용","특수",9152
"경기","계","2020. 10","영업용","승용",72043
"경기","계","2020. 10","영업용","승합",32258
"경기","계","2020. 10","영업용","화물",116217
"경기","계","2020. 10","영업용","특수",11232
"세종","계","2020. 10","관용","승용",329
"세종","계","2020. 10","관용","승합",173
"세종","계","2020. 10","관용","화물",225
"세종","계","2020. 10","관용","특수",40
"세종","계","2020. 10","자가용","승용",149513
"세종","계","2020. 10","자가용","승합",3753
"세종","계","2020. 10","자가용","화물",14683
"세종","계","2020. 10","자가용","특수",240
"세종","계","2020. 10","영업용","승용",622
"세종","계","2020. 10","영업용","승합",421
"세종","계","2020. 10","영업용","화물",1623
"세종","계","2020. 10","영업용","특수",169
"강원","계","2020. 10","관용","승용",1830
"강원","계","2020. 10","관용","승합",1575
"강원","계","2020. 10","관용","화물",2483
"강원","계","2020. 10","관용","특수",179
"강원","계","2020. 10","자가용","승용",600345
"강원","계","2020. 10","자가용","승합",24132
"강원","계","2020. 10","자가용","화물",147927
"강원","계","2020. 10","자가용","특수",1642
"강원","계","2020. 10","영업용","승용",11697
"강원","계","2020. 10","영업용","승합",3169
"강원","계","2020. 10","영업용","화물",8503
"강원","계","2020. 10","영업용","특수",1715
"충북","계","2020. 10","관용","승용",1357
"충북","계","2020. 10","관용","승합",1001
"충북","계","2020. 10","관용","화물",1572
"충북","계","2020. 10","관용","특수",118
"충북","계","2020. 10","자가용","승용",652584
"충북","계","2020. 10","자가용","승합",24837
"충북","계","2020. 10","자가용","화물",143039
"충북","계","2020. 10","자가용","특수",1602
"충북","계","2020. 10","영업용","승용",15179
"충북","계","2020. 10","영업용","승합",3784
"충북","계","2020. 10","영업용","화물",14337
"충북","계","2020. 10","영업용","특수",2750
"충남","계","2020. 10","관용","승용",1875
"충남","계","2020. 10","관용","승합",1224
"충남","계","2020. 10","관용","화물",2370
"충남","계","2020. 10","관용","특수",271
"충남","계","2020. 10","자가용","승용",859010
"충남","계","2020. 10","자가용","승합",35090
"충남","계","2020. 10","자가용","화물",204055
"충남","계","2020. 10","자가용","특수",2080
"충남","계","2020. 10","영업용","승용",13195
"충남","계","2020. 10","영업용","승합",5341
"충남","계","2020. 10","영업용","화물",17802
"충남","계","2020. 10","영업용","특수",2972
"전북","계","2020. 10","관용","승용",1737
"전북","계","2020. 10","관용","승합",1323
"전북","계","2020. 10","관용","화물",2067
"전북","계","2020. 10","관용","특수",159
"전북","계","2020. 10","자가용","승용",701233
"전북","계","2020. 10","자가용","승합",27152
"전북","계","2020. 10","자가용","화물",169711
"전북","계","2020. 10","자가용","특수",1814
"전북","계","2020. 10","영업용","승용",18276
"전북","계","2020. 10","영업용","승합",4164
"전북","계","2020. 10","영업용","화물",15302
"전북","계","2020. 10","영업용","특수",2215
"전남","계","2020. 10","관용","승용",2164
"전남","계","2020. 10","관용","승합",1591
"전남","계","2020. 10","관용","화물",2485
"전남","계","2020. 10","관용","특수",182
"전남","계","2020. 10","자가용","승용",683562
"전남","계","2020. 10","자가용","승합",29983
"전남","계","2020. 10","자가용","화물",222783
"전남","계","2020. 10","자가용","특수",2454
"전남","계","2020. 10","영업용","승용",111333
"전남","계","2020. 10","영업용","승합",7737
"전남","계","2020. 10","영업용","화물",20228
"전남","계","2020. 10","영업용","특수",4828
"경북","계","2020. 10","관용","승용",2601
"경북","계","2020. 10","관용","승합",1766
"경북","계","2020. 10","관용","화물",2948
"경북","계","2020. 10","관용","특수",248
"경북","계","2020. 10","자가용","승용",1076747
"경북","계","2020. 10","자가용","승합",41126
"경북","계","2020. 10","자가용","화물",292822
"경북","계","2020. 10","자가용","특수",2803
"경북","계","2020. 10","영업용","승용",13870
"경북","계","2020. 10","영업용","승합",5380
"경북","계","2020. 10","영업용","화물",24043
"경북","계","2020. 10","영업용","특수",5022
"경남","계","2020. 10","관용","승용",2460
"경남","계","2020. 10","관용","승합",1899
"경남","계","2020. 10","관용","화물",2573
"경남","계","2020. 10","관용","특수",202
"경남","계","2020. 10","자가용","승용",1345295
"경남","계","2020. 10","자가용","승합",44547
"경남","계","2020. 10","자가용","화물",265392
"경남","계","2020. 10","자가용","특수",2907
"경남","계","2020. 10","영업용","승용",59706
"경남","계","2020. 10","영업용","승합",7317
"경남","계","2020. 10","영업용","화물",24887
"경남","계","2020. 10","영업용","특수",5466
"제주","계","2020. 10","관용","승용",851
"제주","계","2020. 10","관용","승합",497
"제주","계","2020. 10","관용","화물",1041
"제주","계","2020. 10","관용","특수",84
"제주","계","2020. 10","자가용","승용",290887
"제주","계","2020. 10","자가용","승합",11265
"제주","계","2020. 10","자가용","화물",76637
"제주","계","2020. 10","자가용","특수",675
"제주","계","2020. 10","영업용","승용",230436
"제주","계","2020. 10","영업용","승합",7327
"제주","계","2020. 10","영업용","화물",3701
"제주","계","2020. 10","영업용","특수",651
"서울","계","2020. 11","관용","승용",4641
"서울","계","2020. 11","관용","승합",3740
"서울","계","2020. 11","관용","화물",3969
"서울","계","2020. 11","관용","특수",372
"서울","계","2020. 11","자가용","승용",2580570
"서울","계","2020. 11","자가용","승합",87964
"서울","계","2020. 11","자가용","화물",268864
"서울","계","2020. 11","자가용","특수",3564
"서울","계","2020. 11","영업용","승용",125216
"서울","계","2020. 11","영업용","승합",15412
"서울","계","2020. 11","영업용","화물",58018
"서울","계","2020. 11","영업용","특수",4948
"부산","계","2020. 11","관용","승용",1696
"부산","계","2020. 11","관용","승합",1273
"부산","계","2020. 11","관용","화물",1594
"부산","계","2020. 11","관용","특수",138
"부산","계","2020. 11","자가용","승용",1100834
"부산","계","2020. 11","자가용","승합",34843
"부산","계","2020. 11","자가용","화물",151422
"부산","계","2020. 11","자가용","특수",1908
"부산","계","2020. 11","영업용","승용",84144
"부산","계","2020. 11","영업용","승합",6174
"부산","계","2020. 11","영업용","화물",33755
"부산","계","2020. 11","영업용","특수",8891
"대구","계","2020. 11","관용","승용",1035
"대구","계","2020. 11","관용","승합",897
"대구","계","2020. 11","관용","화물",1389
"대구","계","2020. 11","관용","특수",122
"대구","계","2020. 11","자가용","승용",998269
"대구","계","2020. 11","자가용","승합",25674
"대구","계","2020. 11","자가용","화물",137642
"대구","계","2020. 11","자가용","특수",1442
"대구","계","2020. 11","영업용","승용",26027
"대구","계","2020. 11","영업용","승합",4013
"대구","계","2020. 11","영업용","화물",19110
"대구","계","2020. 11","영업용","특수",2033
"광주","계","2020. 11","관용","승용",823
"광주","계","2020. 11","관용","승합",595
"광주","계","2020. 11","관용","화물",717
"광주","계","2020. 11","관용","특수",80
"광주","계","2020. 11","자가용","승용",560443
"광주","계","2020. 11","자가용","승합",16962
"광주","계","2020. 11","자가용","화물",78414
"광주","계","2020. 11","자가용","특수",1058
"광주","계","2020. 11","영업용","승용",14668
"광주","계","2020. 11","영업용","승합",2419
"광주","계","2020. 11","영업용","화물",13409
"광주","계","2020. 11","영업용","특수",1824
"대전","계","2020. 11","관용","승용",671
"대전","계","2020. 11","관용","승합",532
"대전","계","2020. 11","관용","화물",636
"대전","계","2020. 11","관용","특수",77
"대전","계","2020. 11","자가용","승용",561396
"대전","계","2020. 11","자가용","승합",17515
"대전","계","2020. 11","자가용","화물",74222
"대전","계","2020. 11","자가용","특수",1065
"대전","계","2020. 11","영업용","승용",14048
"대전","계","2020. 11","영업용","승합",2159
"대전","계","2020. 11","영업용","화물",11597
"대전","계","2020. 11","영업용","특수",1643
"울산","계","2020. 11","관용","승용",696
"울산","계","2020. 11","관용","승합",446
"울산","계","2020. 11","관용","화물",640
"울산","계","2020. 11","관용","특수",43
"울산","계","2020. 11","자가용","승용",477244
"울산","계","2020. 11","자가용","승합",12191
"울산","계","2020. 11","자가용","화물",61182
"울산","계","2020. 11","자가용","특수",772
"울산","계","2020. 11","영업용","승용",8149
"울산","계","2020. 11","영업용","승합",1936
"울산","계","2020. 11","영업용","화물",9405
"울산","계","2020. 11","영업용","특수",2174
"경기","계","2020. 11","관용","승용",7321
"경기","계","2020. 11","관용","승합",4283
"경기","계","2020. 11","관용","화물",5604
"경기","계","2020. 11","관용","특수",558
"경기","계","2020. 11","자가용","승용",4868613
"경기","계","2020. 11","자가용","승합",168444
"경기","계","2020. 11","자가용","화물",688436
"경기","계","2020. 11","자가용","특수",9436
"경기","계","2020. 11","영업용","승용",71869
"경기","계","2020. 11","영업용","승합",32250
"경기","계","2020. 11","영업용","화물",116766
"경기","계","2020. 11","영업용","특수",11247
"세종","계","2020. 11","관용","승용",325
"세종","계","2020. 11","관용","승합",171
"세종","계","2020. 11","관용","화물",225
"세종","계","2020. 11","관용","특수",45
"세종","계","2020. 11","자가용","승용",151079
"세종","계","2020. 11","자가용","승합",3752
"세종","계","2020. 11","자가용","화물",14729
"세종","계","2020. 11","자가용","특수",260
"세종","계","2020. 11","영업용","승용",629
"세종","계","2020. 11","영업용","승합",421
"세종","계","2020. 11","영업용","화물",1621
"세종","계","2020. 11","영업용","특수",167
"강원","계","2020. 11","관용","승용",1868
"강원","계","2020. 11","관용","승합",1574
"강원","계","2020. 11","관용","화물",2470
"강원","계","2020. 11","관용","특수",181
"강원","계","2020. 11","자가용","승용",602490
"강원","계","2020. 11","자가용","승합",24074
"강원","계","2020. 11","자가용","화물",148148
"강원","계","2020. 11","자가용","특수",1692
"강원","계","2020. 11","영업용","승용",11688
"강원","계","2020. 11","영업용","승합",3156
"강원","계","2020. 11","영업용","화물",8538
"강원","계","2020. 11","영업용","특수",1716
"충북","계","2020. 11","관용","승용",1356
"충북","계","2020. 11","관용","승합",1017
"충북","계","2020. 11","관용","화물",1554
"충북","계","2020. 11","관용","특수",121
"충북","계","2020. 11","자가용","승용",654727
"충북","계","2020. 11","자가용","승합",24795
"충북","계","2020. 11","자가용","화물",142916
"충북","계","2020. 11","자가용","특수",1658
"충북","계","2020. 11","영업용","승용",15223
"충북","계","2020. 11","영업용","승합",3779
"충북","계","2020. 11","영업용","화물",14413
"충북","계","2020. 11","영업용","특수",2743
"충남","계","2020. 11","관용","승용",1896
"충남","계","2020. 11","관용","승합",1226
"충남","계","2020. 11","관용","화물",2357
"충남","계","2020. 11","관용","특수",268
"충남","계","2020. 11","자가용","승용",861599
"충남","계","2020. 11","자가용","승합",34911
"충남","계","2020. 11","자가용","화물",203868
"충남","계","2020. 11","자가용","특수",2146
"충남","계","2020. 11","영업용","승용",13426
"충남","계","2020. 11","영업용","승합",5330
"충남","계","2020. 11","영업용","화물",17845
"충남","계","2020. 11","영업용","특수",2981
"전북","계","2020. 11","관용","승용",1749
"전북","계","2020. 11","관용","승합",1320
"전북","계","2020. 11","관용","화물",2065
"전북","계","2020. 11","관용","특수",159
"전북","계","2020. 11","자가용","승용",703447
"전북","계","2020. 11","자가용","승합",27126
"전북","계","2020. 11","자가용","화물",169835
"전북","계","2020. 11","자가용","특수",1851
"전북","계","2020. 11","영업용","승용",18129
"전북","계","2020. 11","영업용","승합",4170
"전북","계","2020. 11","영업용","화물",15317
"전북","계","2020. 11","영업용","특수",2198
"전남","계","2020. 11","관용","승용",2176
"전남","계","2020. 11","관용","승합",1594
"전남","계","2020. 11","관용","화물",2454
"전남","계","2020. 11","관용","특수",180
"전남","계","2020. 11","자가용","승용",686072
"전남","계","2020. 11","자가용","승합",29962
"전남","계","2020. 11","자가용","화물",223065
"전남","계","2020. 11","자가용","특수",2481
"전남","계","2020. 11","영업용","승용",112129
"전남","계","2020. 11","영업용","승합",7721
"전남","계","2020. 11","영업용","화물",20266
"전남","계","2020. 11","영업용","특수",4852
"경북","계","2020. 11","관용","승용",2592
"경북","계","2020. 11","관용","승합",1761
"경북","계","2020. 11","관용","화물",2943
"경북","계","2020. 11","관용","특수",247
"경북","계","2020. 11","자가용","승용",1079836
"경북","계","2020. 11","자가용","승합",41022
"경북","계","2020. 11","자가용","화물",293088
"경북","계","2020. 11","자가용","특수",2874
"경북","계","2020. 11","영업용","승용",13896
"경북","계","2020. 11","영업용","승합",5380
"경북","계","2020. 11","영업용","화물",24128
"경북","계","2020. 11","영업용","특수",5029
"경남","계","2020. 11","관용","승용",2487
"경남","계","2020. 11","관용","승합",1895
"경남","계","2020. 11","관용","화물",2562
"경남","계","2020. 11","관용","특수",204
"경남","계","2020. 11","자가용","승용",1348340
"경남","계","2020. 11","자가용","승합",44313
"경남","계","2020. 11","자가용","화물",265052
"경남","계","2020. 11","자가용","특수",2958
"경남","계","2020. 11","영업용","승용",61498
"경남","계","2020. 11","영업용","승합",7297
"경남","계","2020. 11","영업용","화물",24989
"경남","계","2020. 11","영업용","특수",5478
"제주","계","2020. 11","관용","승용",847
"제주","계","2020. 11","관용","승합",492
"제주","계","2020. 11","관용","화물",1038
"제주","계","2020. 11","관용","특수",82
"제주","계","2020. 11","자가용","승용",291906
"제주","계","2020. 11","자가용","승합",11195
"제주","계","2020. 11","자가용","화물",76743
"제주","계","2020. 11","자가용","특수",691
"제주","계","2020. 11","영업용","승용",233125
"제주","계","2020. 11","영업용","승합",7357
"제주","계","2020. 11","영업용","화물",3702
"제주","계","2020. 11","영업용","특수",645
"서울","계","2020. 12","관용","승용",4607
"서울","계","2020. 12","관용","승합",3805
"서울","계","2020. 12","관용","화물",3937
"서울","계","2020. 12","관용","특수",374
"서울","계","2020. 12","자가용","승용",2582001
"서울","계","2020. 12","자가용","승합",87315
"서울","계","2020. 12","자가용","화물",267951
"서울","계","2020. 12","자가용","특수",3625
"서울","계","2020. 12","영업용","승용",125376
"서울","계","2020. 12","영업용","승합",15384
"서울","계","2020. 12","영업용","화물",58055
"서울","계","2020. 12","영업용","특수",4931
"부산","계","2020. 12","관용","승용",1671
"부산","계","2020. 12","관용","승합",1261
"부산","계","2020. 12","관용","화물",1588
"부산","계","2020. 12","관용","특수",138
"부산","계","2020. 12","자가용","승용",1103130
"부산","계","2020. 12","자가용","승합",34631
"부산","계","2020. 12","자가용","화물",151295
"부산","계","2020. 12","자가용","특수",1961
"부산","계","2020. 12","영업용","승용",84544
"부산","계","2020. 12","영업용","승합",6164
"부산","계","2020. 12","영업용","화물",33767
"부산","계","2020. 12","영업용","특수",8890
"대구","계","2020. 12","관용","승용",1002
"대구","계","2020. 12","관용","승합",893
"대구","계","2020. 12","관용","화물",1365
"대구","계","2020. 12","관용","특수",122
"대구","계","2020. 12","자가용","승용",1000105
"대구","계","2020. 12","자가용","승합",25605
"대구","계","2020. 12","자가용","화물",137478
"대구","계","2020. 12","자가용","특수",1486
"대구","계","2020. 12","영업용","승용",25968
"대구","계","2020. 12","영업용","승합",4003
"대구","계","2020. 12","영업용","화물",19136
"대구","계","2020. 12","영업용","특수",2033
"광주","계","2020. 12","관용","승용",829
"광주","계","2020. 12","관용","승합",597
"광주","계","2020. 12","관용","화물",711
"광주","계","2020. 12","관용","특수",80
"광주","계","2020. 12","자가용","승용",561016
"광주","계","2020. 12","자가용","승합",16934
"광주","계","2020. 12","자가용","화물",78289
"광주","계","2020. 12","자가용","특수",1084
"광주","계","2020. 12","영업용","승용",14521
"광주","계","2020. 12","영업용","승합",2409
"광주","계","2020. 12","영업용","화물",13444
"광주","계","2020. 12","영업용","특수",1826
"대전","계","2020. 12","관용","승용",653
"대전","계","2020. 12","관용","승합",536
"대전","계","2020. 12","관용","화물",634
"대전","계","2020. 12","관용","특수",76
"대전","계","2020. 12","자가용","승용",562220
"대전","계","2020. 12","자가용","승합",17560
"대전","계","2020. 12","자가용","화물",74217
"대전","계","2020. 12","자가용","특수",1080
"대전","계","2020. 12","영업용","승용",14033
"대전","계","2020. 12","영업용","승합",2166
"대전","계","2020. 12","영업용","화물",11608
"대전","계","2020. 12","영업용","특수",1646
"울산","계","2020. 12","관용","승용",703
"울산","계","2020. 12","관용","승합",452
"울산","계","2020. 12","관용","화물",639
"울산","계","2020. 12","관용","특수",44
"울산","계","2020. 12","자가용","승용",478098
"울산","계","2020. 12","자가용","승합",12148
"울산","계","2020. 12","자가용","화물",61146
"울산","계","2020. 12","자가용","특수",786
"울산","계","2020. 12","영업용","승용",8158
"울산","계","2020. 12","영업용","승합",1927
"울산","계","2020. 12","영업용","화물",9428
"울산","계","2020. 12","영업용","특수",2171
"경기","계","2020. 12","관용","승용",7306
"경기","계","2020. 12","관용","승합",4263
"경기","계","2020. 12","관용","화물",5585
"경기","계","2020. 12","관용","특수",558
"경기","계","2020. 12","자가용","승용",4887915
"경기","계","2020. 12","자가용","승합",168018
"경기","계","2020. 12","자가용","화물",688478
"경기","계","2020. 12","자가용","특수",9714
"경기","계","2020. 12","영업용","승용",71468
"경기","계","2020. 12","영업용","승합",32250
"경기","계","2020. 12","영업용","화물",117289
"경기","계","2020. 12","영업용","특수",11282
"세종","계","2020. 12","관용","승용",325
"세종","계","2020. 12","관용","승합",176
"세종","계","2020. 12","관용","화물",225
"세종","계","2020. 12","관용","특수",46
"세종","계","2020. 12","자가용","승용",152377
"세종","계","2020. 12","자가용","승합",3740
"세종","계","2020. 12","자가용","화물",14741
"세종","계","2020. 12","자가용","특수",269
"세종","계","2020. 12","영업용","승용",628
"세종","계","2020. 12","영업용","승합",428
"세종","계","2020. 12","영업용","화물",1622
"세종","계","2020. 12","영업용","특수",165
"강원","계","2020. 12","관용","승용",1864
"강원","계","2020. 12","관용","승합",1570
"강원","계","2020. 12","관용","화물",2465
"강원","계","2020. 12","관용","특수",185
"강원","계","2020. 12","자가용","승용",603797
"강원","계","2020. 12","자가용","승합",23995
"강원","계","2020. 12","자가용","화물",148279
"강원","계","2020. 12","자가용","특수",1744
"강원","계","2020. 12","영업용","승용",11716
"강원","계","2020. 12","영업용","승합",3158
"강원","계","2020. 12","영업용","화물",8603
"강원","계","2020. 12","영업용","특수",1723
"충북","계","2020. 12","관용","승용",1362
"충북","계","2020. 12","관용","승합",1021
"충북","계","2020. 12","관용","화물",1545
"충북","계","2020. 12","관용","특수",120
"충북","계","2020. 12","자가용","승용",656498
"충북","계","2020. 12","자가용","승합",24676
"충북","계","2020. 12","자가용","화물",142678
"충북","계","2020. 12","자가용","특수",1717
"충북","계","2020. 12","영업용","승용",15050
"충북","계","2020. 12","영업용","승합",3766
"충북","계","2020. 12","영업용","화물",14450
"충북","계","2020. 12","영업용","특수",2737
"충남","계","2020. 12","관용","승용",1910
"충남","계","2020. 12","관용","승합",1227
"충남","계","2020. 12","관용","화물",2347
"충남","계","2020. 12","관용","특수",270
"충남","계","2020. 12","자가용","승용",863739
"충남","계","2020. 12","자가용","승합",34773
"충남","계","2020. 12","자가용","화물",203683
"충남","계","2020. 12","자가용","특수",2207
"충남","계","2020. 12","영업용","승용",13471
"충남","계","2020. 12","영업용","승합",5331
"충남","계","2020. 12","영업용","화물",17909
"충남","계","2020. 12","영업용","특수",2978
"전북","계","2020. 12","관용","승용",1749
"전북","계","2020. 12","관용","승합",1324
"전북","계","2020. 12","관용","화물",2056
"전북","계","2020. 12","관용","특수",161
"전북","계","2020. 12","자가용","승용",704687
"전북","계","2020. 12","자가용","승합",27031
"전북","계","2020. 12","자가용","화물",169624
"전북","계","2020. 12","자가용","특수",1879
"전북","계","2020. 12","영업용","승용",17888
"전북","계","2020. 12","영업용","승합",4165
"전북","계","2020. 12","영업용","화물",15378
"전북","계","2020. 12","영업용","특수",2205
"전남","계","2020. 12","관용","승용",2159
"전남","계","2020. 12","관용","승합",1598
"전남","계","2020. 12","관용","화물",2428
"전남","계","2020. 12","관용","특수",182
"전남","계","2020. 12","자가용","승용",688393
"전남","계","2020. 12","자가용","승합",29905
"전남","계","2020. 12","자가용","화물",223291
"전남","계","2020. 12","자가용","특수",2560
"전남","계","2020. 12","영업용","승용",116487
"전남","계","2020. 12","영업용","승합",7759
"전남","계","2020. 12","영업용","화물",20258
"전남","계","2020. 12","영업용","특수",4874
"경북","계","2020. 12","관용","승용",2601
"경북","계","2020. 12","관용","승합",1768
"경북","계","2020. 12","관용","화물",2946
"경북","계","2020. 12","관용","특수",248
"경북","계","2020. 12","자가용","승용",1082408
"경북","계","2020. 12","자가용","승합",40958
"경북","계","2020. 12","자가용","화물",293101
"경북","계","2020. 12","자가용","특수",2944
"경북","계","2020. 12","영업용","승용",13837
"경북","계","2020. 12","영업용","승합",5357
"경북","계","2020. 12","영업용","화물",24183
"경북","계","2020. 12","영업용","특수",5038
"경남","계","2020. 12","관용","승용",2464
"경남","계","2020. 12","관용","승합",1912
"경남","계","2020. 12","관용","화물",2574
"경남","계","2020. 12","관용","특수",204
"경남","계","2020. 12","자가용","승용",1351899
"경남","계","2020. 12","자가용","승합",44257
"경남","계","2020. 12","자가용","화물",264898
"경남","계","2020. 12","자가용","특수",3040
"경남","계","2020. 12","영업용","승용",78626
"경남","계","2020. 12","영업용","승합",7443
"경남","계","2020. 12","영업용","화물",25072
"경남","계","2020. 12","영업용","특수",5478
"제주","계","2020. 12","관용","승용",845
"제주","계","2020. 12","관용","승합",487
"제주","계","2020. 12","관용","화물",1035
"제주","계","2020. 12","관용","특수",81
"제주","계","2020. 12","자가용","승용",293193
"제주","계","2020. 12","자가용","승합",11179
"제주","계","2020. 12","자가용","화물",76857
"제주","계","2020. 12","자가용","특수",691
"제주","계","2020. 12","영업용","승용",219455
"제주","계","2020. 12","영업용","승합",7178
"제주","계","2020. 12","영업용","화물",3696
"제주","계","2020. 12","영업용","특수",645
